case_id,domain,clutter_level,clutter_source,mean_observed_steps,involved_object_count,mean_human_duration_seconds,primary_action_category,action_types
acoustic_electric_guitar,Others,Minimal,historical_datasheet,6.333333333333333,4,59.68666666666667,A4,"[""unlatch"", ""move"", ""place"", ""latch"", ""hang""]"
air_freshener_dispenser,Household Org/Storage,None,user_annotation,6.666666666666667,5,28.044666666666668,A2,"[""remove"", ""uncap"", ""insert"", ""pack"", ""close"", ""place""]"
aromatic_cube_leaf,Personal Care/Utilities,Minimal,historical_datasheet,3.0,6,15.020276,A2,"[""remove"", ""insert"", ""place""]"
banknote_card_coin,Others,None,user_annotation,4.666666666666667,5,19.511111333333336,A2,"[""open"", ""insert"", ""place""]"
candle_lighter,Household Org/Storage,None,historical_datasheet,4.0,4,25.975333333333335,A9,"[""move"", ""insert"", ""ignite""]"
coffee_beans,Kitchen/Food Prep,None,historical_datasheet,5.0,5,23.651666666666667,A6,"[""open"", ""scoop"", ""pour"", ""close""]"
cooking_oil,Kitchen/Food Prep,None,historical_datasheet,4.0,4,24.997222333333337,A6,"[""uncap"", ""turn_upright"", ""pour""]"
cut_chocolate_bar,Kitchen/Food Prep,None,historical_datasheet,8.333333333333334,6,46.22555533333334,A8,"[""place"", ""cut"", ""unwrap"", ""break"", ""open"", ""insert"", ""close""]"
desk_mat_tablet,Office/Study Workspace,Heavy,historical_datasheet,4.0,3,26.53333333333333,A1,"[""move"", ""place"", ""stack"", ""roll""]"
dish_washdry,Kitchen/Food Prep,Minimal,historical_datasheet,11.0,6,54.865922000000005,A7,"[""dispense"", ""apply"", ""scrub"", ""rinse"", ""dry"", ""switch_on"", ""switch_off"", ""place""]"
double_shoe_box,Household Org/Storage,None,historical_datasheet,5.0,4,14.255307666666667,A2,"[""remove"", ""insert"", ""close"", ""place""]"
egg_candy_air_fryer,Kitchen/Food Prep,None,historical_datasheet,5.0,6,23.36999966666667,A2,"[""insert"", ""close"", ""plug_in""]"
egg_sauce_container,Kitchen/Food Prep,None,historical_datasheet,7.333333333333333,8,19.166129666666667,A2,"[""align"", ""move"", ""open"", ""retrieve"", ""insert"", ""close""]"
handcuffs_stethoscope,Others,None,historical_datasheet,5.0,5,44.63499999999999,A2,"[""insert"", ""pack"", ""place"", ""close""]"
kendama_can,Personal Care/Utilities,Minimal,historical_datasheet,3.3333333333333335,4,16.005261,A4,"[""attach"", ""turn_upright"", ""stack"", ""place""]"
key_lanyard,Household Org/Storage,Minimal,historical_datasheet,5.0,5,20.333333333333332,A2,"[""insert"", ""pack"", ""detach"", ""open"", ""place""]"
laptop_open,Office/Study Workspace,None,historical_datasheet,2.6666666666666665,3,10.076733333333333,A3,"[""place"", ""open""]"
line_marker_calculator,Office/Study Workspace,None,historical_datasheet,8.666666666666666,5,38.29557766666667,A7,"[""move"", ""place"", ""uncap"", ""draw"", ""turn_upright"", ""cap""]"
paper_binder_book,Office/Study Workspace,Minimal,assistant_start_frame_inference,8.666666666666666,4,25.188889,A4,"[""attach"", ""close"", ""move"", ""open"", ""insert"", ""stack""]"
racket_backpack,Others,None,historical_datasheet,5.0,4,24.566666333333334,A2,"[""unhang"", ""pack"", ""unzip"", ""insert"", ""zip""]"
remote_marker_stand,Office/Study Workspace,Minimal,historical_datasheet,4.333333333333333,7,16.765922333333336,A2,"[""insert"", ""place"", ""move""]"
sanitary_face_wash,Personal Care/Utilities,None,assistant_start_frame_inference,7.0,5,19.022222333333332,A2,"[""cap"", ""close"", ""insert"", ""zip""]"
sock_bucket,Household Org/Storage,None,historical_datasheet,4.0,4,10.800000333333335,A2,"[""move"", ""stack"", ""fold"", ""insert""]"
stack_blocks,Others,None,historical_datasheet,3.0,4,12.798888666666665,A1,"[""stack"", ""attach"", ""place""]"
toothbrush_case,Personal Care/Utilities,None,historical_datasheet,5.666666666666667,4,20.525000000000002,A2,"[""fold"", ""cap"", ""place"", ""insert"", ""close""]"
toothpaste_water,Personal Care/Utilities,None,historical_datasheet,5.666666666666667,3,11.822222333333334,A7,"[""open"", ""dispense"", ""apply"", ""close"", ""switch_on"", ""rinse"", ""switch_off""]"
