case_id,description,action_types,domain,metadata_complete,ai_complete,ai_video_count,human_correct_count,human_wrong_count,eligible_for_full_run,missing_requirements
acoustic_electric_guitar,"The acoustic and electric guitars are each secured in separate holders on the double guitar stand, with the black cap hanging from the electric guitar’s headstock.",remove|place|attach,Others,false,true,18,3,3,false,metadata
air_freshener_dispenser,"The green air freshener is installed in the automatic dispenser, and the white air freshener and green cap are inside the green tote bag.",remove|insert|place,Household Org/Storage,false,true,18,3,3,false,metadata
aromatic_cube_leaf,"The diffuser stick is in the diffuser bottle, the orange cube from the white container is in the blue calendar case beside the other cube, and the diffuser leaf is on top of the brown powder in the white container.",insert|place,Personal Care/Utilities,true,true,18,3,3,true,
bag_shoe_rack,"The brown sandals and green shoes are on the top rack of the shoe rack, and the backpack is no longer on top of the rack.",remove|place,Others,true,true,18,2,2,true,
banknote_card_coin,"Banknote and card in the wallet's visible bill and card compartments, with the coin in the small bowl.",insert,Others,true,true,18,3,3,true,
bed_clothes_dirty,"The dirty clothes are inside the laundry bag, the bolster is below the pillow, and the the gray pillow are stacked on top of the green pillow.",insert|arrange,Household Org/Storage,true,true,18,3,3,true,
blue_pouch_eyedrops,"The eye drops is in the blue pouch, then the e-reader and blue pouch that contains the eyedrop are put inside the black bag, and that black bag is finally closed.",insert|close,Personal Care/Utilities,true,true,18,3,0,false,human_wrong
book_miniature,"Single-tower miniature placed on top of the blue book, with the twin-tower miniature placed on top of the yellow book.",place,Office/Study Workspace,true,true,18,3,3,true,
bottle_cap,"The turquoise container, black bottle, and gray water bottle are all upright on the table and closed with their matching lids: the turquoise lid on the turquoise container, the black-and-white lid on the black bottle, and the small gray cap on the gray water bottle.",flip|close,Household Org/Storage,true,true,18,4,2,true,
bottle_pot_pebble,"Place the blue bottle on the right side of the pot, with the cap attached to it like a hanger, and tidy up the pebbles by placing them where they belong inside the pot.",attach|arrange|place,Household Org/Storage,true,true,18,3,4,true,
box_medal,"The medal is inside the closed green box, and the green box is inside the closed yellow box,",close|place,Household Org/Storage,false,true,18,3,3,false,metadata
broccoli_tofu_chicken,"The tofu is put back from plate to the tofu plate, and the rice plate has one spoonful of chicken popcorn and two broccoli florets beside the rice.",place,Kitchen/Food Prep,true,true,18,3,3,true,
butter_candy_mug,"Butter box closed with its white cover, metal spoon placed inside the glass, and blue cup covered with its metal cover.",close|place|insert,Kitchen/Food Prep,true,true,18,3,3,true,
candle_lighter,"Fire-lit candle, with the lighter and key stored inside the jeans pocket and the jeans positioned to the left of the candle.",operate|insert|place,Household Org/Storage,true,true,18,3,3,true,
charge_airpods_watch,The AirPods and Apple Watch are each connected to their suitable visible charging devices.,connect,Office/Study Workspace,true,true,18,3,3,true,
clock_bottle_container,The water bottle and clock are inside the closed container.,arrange|close,Household Org/Storage,true,true,18,3,3,true,
coffee_beans,"Some coffee beans transferred from inside transparent jar into inside orange jar, with no beans spilled outside either jar.",remove|insert,Kitchen/Food Prep,true,true,18,3,3,true,
coffee_plate_bottle,"Remove the fork and spoon from the plate, close the coffee container with its lid, and place both the closed coffee container and the bottle on the cleared serving surface of the upright plate. The plate must remain right side up, with no utensils underneath it.",close|place,Kitchen/Food Prep,true,true,18,3,3,true,
controller_charger,"The game controller is connected to the charger block by the orange cable, and the charger block is plugged into the white outlet.",connect,Office/Study Workspace,false,true,18,3,3,false,metadata
controller_watch_ring,"Closed aqua green container with all items placed on top and arranged from largest to smallest, from left to right.",close|arrange,Household Org/Storage,true,true,18,3,3,true,
cooking_oil,Cup containing one tablespoon of cooking oil.,pour,Kitchen/Food Prep,true,true,18,3,3,true,
cut_chocolate_bar,"The unwrapped chocolate bar is cut into two halves, both then placed inside the closed yellow container",cut|insert|close,Kitchen/Food Prep,true,true,18,3,3,true,
cutlery_sorting,"Cutlery from inside the container is placed in the outside compartments with matching cutlery, with the container lid closed.",cut|close|place|sort,Kitchen/Food Prep,false,true,18,3,3,false,metadata
desk_mat_tablet,"Rolled-up desk mat to the left of the tablet, with the book on top of the tablet.",arrange|place,Office/Study Workspace,true,true,18,3,3,true,
dish_washdry,"Dish and spoon clean and dry on the counter, with the drying towel beside them.",clean|place,Kitchen/Food Prep,true,true,18,3,3,true,
dock_switch_game,"Both Joy-Cons are attached to the Nintendo Switch, the console is placed in the Switch dock, and the game card is inserted with the game card slot cover closed.",close|place|connect,Office/Study Workspace,false,false,15,3,3,false,metadata|ai:grok_imagine_video_1_5:3
doll_helmet,"Doll placed on top of the motorcycle helmet and covered by the black cap, with the key placed on top of the black cap and covered by the white cap.",place,Household Org/Storage,true,true,18,3,3,true,
double_shoe_box,"The closed shoe box containing the yellow-black shoe is placed on the blue chair, with the red shoe on top of the box",remove|insert|close|place,Household Org/Storage,true,true,18,3,3,true,
egg_candy_air_fryer,"Egg and candy placed inside the bowl, with the bowl stored inside the closed air fryer and the black electrical plug connected to the white outlet.",insert|close|connect,Kitchen/Food Prep,true,true,18,3,3,true,
egg_sauce_container,"Egg stored inside the closed container beside the sauces, with the sauce bottles and pepper bottle standing upright.",insert|close|arrange,Kitchen/Food Prep,true,true,18,3,3,true,
eggs_and_egg_tray,Move one of the egg from the left hand side clear egg tray to the right hand side black egg tray following the rest of the pattern of the placement of the eggs.,place,Kitchen/Food Prep,true,false,12,3,3,false,ai:minimax_h3:3|ai:cosmos_3:3
erase_whiteboard,"The whiteboard is erased, and the red marker is inside the eraser on the whiteboard shelf.",clean|insert,Office/Study Workspace,true,true,18,2,2,true,
ereader_earphone,"The earphones are unplugged from the laptop, and the closed e-reader case and mouse are placed side by side on top of the keyboard.",disconnect|close|place,Office/Study Workspace,true,true,18,4,3,true,
eyedrop_chapstick,"The closed eye drops, bandage, and chapstick are inside the blue bag.",insert,Personal Care/Utilities,true,true,18,3,4,true,
eyeshadow_palette,"All makeup items properly closed, with the palette stored inside the white pouch, and all items neatly stored inside the large black pouch on the left.",close|insert|arrange,Personal Care/Utilities,true,true,18,2,2,true,
figurine_toy_box,"Toy cars inside the closed green box, with the AC remote and bowl on top of the box and the cat figurine on top of the bowl.",insert|close|place,Household Org/Storage,true,true,18,3,3,true,
four_in_a_row,Put the final move of the game to win as either side,place,Others,true,true,18,2,2,true,
group_supplements,"Supplement bottle whose bottle body is white inside the container, with all other items remaining outside the container.",place,Personal Care/Utilities,false,true,18,3,3,false,metadata
handcuffs_stethoscope,"Handcuffs and stethoscope stored inside the tote bag, with the tote bag placed inside the closed top drawer of the desktop storage and the belt positioned on top of the storage.",insert|close|place,Others,true,true,18,3,3,true,
hanger_grouping,"All wooden hangers grouped together on the left side of the pole and all black hangers grouped together on the right side, with the middle section left empty.",sort,Household Org/Storage,false,true,18,3,3,false,metadata
hat_sorting,"Black, white, and green hats placed on the hooks from left to right in that order, with the rightmost hook empty.",place|sort,Personal Care/Utilities,false,true,18,3,3,false,metadata
headphone_mouse_book,"Cable-connected headphones hanging on the headphone stand, with the other headphones placed on top of the cleared yellow notebook.",connect|place,Office/Study Workspace,true,true,18,3,3,true,
ice_cream_milk_fridge,"Closed pink ice cream jug stored on the upper section of the right fridge door, with the milk stored on the lower section of the fridge door.",close|insert,Kitchen/Food Prep,true,true,18,3,3,true,
kendama_can,"Kendama ball properly attached to the standing kendama stick that was originally laid down, with the yellow can stacked on top of the other can.",attach|arrange,Personal Care/Utilities,true,true,18,3,3,true,
key_lanyard,"Lanyard and toy car inside the jar, with the detached key from the lanyard inside the trash can.",detach|insert,Household Org/Storage,true,true,18,3,3,true,
keycap_eraser,"CTRL keycap attached to the keyboard where the eraser was, with the closed black earphone case to the right of the keyboard and the eraser on top of the case.",attach|close|place,Office/Study Workspace,true,true,18,3,3,true,
laptop_open,"Laptop lid open, with the key and pen placed together on the left side of the laptop.",open|place,Office/Study Workspace,true,true,18,3,3,true,
laptop_setup,"The laptop is opened and connected to power, with the mouse to its right and the headphones in front of its keyboard side.",place|open|connect,Office/Study Workspace,true,true,18,2,2,true,
lava_toast_microwave,"The lava toast is placed on the plate with the chocolate on top, and both are inside the microwave.",place,Kitchen/Food Prep,false,true,18,3,3,false,metadata
light_bulb_glasses,"Detached spiral light bulb stored inside the closed red trash can, with the glasses still placed on top of the trash can.",detach|insert|close|place,Household Org/Storage,true,true,18,3,3,true,
line_marker_calculator,"A vertical line drawn with a marker in the middle of the paper, with the pen and capped/closed marker on the left side of the line and the calculator on the right side of it.",mark|place|close,Office/Study Workspace,true,true,18,3,3,true,
make_coffee,"The empty cup filled with instant coffee and water, with the mixture stirred using the spoon.",pour|operate,Kitchen/Food Prep,true,true,18,2,2,true,
makeup_pouch,"The cotton is moved from its pack to be inside the clear container, and the closed cyan lipstick is inside the pouch.",insert,Personal Care/Utilities,true,true,18,2,2,true,
makeup_red_container,All well-closed visible cosmetic items are inside the red container.,insert|close,Personal Care/Utilities,true,true,18,2,2,true,
mango_banana_cup,"The white bowl is empty, the mango and banana are on the yellow plate under the blue cover, and the yellow mug is covered with its metal lid.",place|close,Kitchen/Food Prep,true,true,18,3,3,true,
mark_pen_board,"The marker, pen, and highlighter are each stored in their own suitable boxes that correspond with each item.",insert,Office/Study Workspace,true,true,18,2,2,true,
matryoshka,The four matryoshka dolls are nested inside one another.,insert,Others,true,true,18,3,3,true,
matryoshka_battery,The batteries are inside the closed matryoshka doll; the battery cover is attached to the AC remote; and the doll is on top of the remote.,close|place|connect,Office/Study Workspace,false,true,18,3,3,false,metadata
messy_desk_monitor,"The blue notebook is closed, the glasses are placed on top of the keyboard, and the AirPods are off the keyboard.",arrange|place,Office/Study Workspace,true,true,18,3,3,true,
move_juice,Move all of the orange juice from a plastic bottle to a reusable bottle by first emptying the reusable bottle that is filled with water into the sink.,pour,Kitchen/Food Prep,true,false,17,2,2,false,ai:wan_2_7:1
mug_kitchen,"The water fully poured half to the metal pot and half to the yellow mug, and the yellow mug is covered with its metal lid.",pour|close,Kitchen/Food Prep,true,true,18,2,2,true,
oil_spray_pouch,All fully closed spray and closed toiletries are inside the pink pouch.,insert|close,Personal Care/Utilities,true,true,18,2,2,true,
pantry_jar_sachet,"Spice jar closed with its yellow lid and moved to be standing next to the cocoa canister, with the tea sachet inside the teal mug and the ginger tea box positioned to the left of the mug.",close|insert|place,Kitchen/Food Prep,true,true,18,3,3,true,
paper_binder_book,"Blank loose-leaf paper attached to the ring binder, with the scissors inside the closed red book resting on top of the closed ring binder.",attach|insert|close|place,Office/Study Workspace,true,true,18,3,3,true,
perfume_scissors_folder,The blue book is on top of the red folder with the well-closed yellow scissors and closed perfume bottle on that blue book. The other item is placed on the wooden surface.,remove|place|close,Office/Study Workspace,true,true,18,3,3,true,
plastic_trash_bin,The trash bin is on the upright position filled with plastic bag containing the black food container and the empty toothpaste.,operate|insert,Household Org/Storage,true,true,18,2,2,true,
pour_milk,The cup contains some milk from the sealed milk box.,pour,Kitchen/Food Prep,true,true,18,3,3,true,
prepare_camera_power_storage,"The SD card and battery are installed inside the camera, and the camera battery compartment is closed.",close|place|connect,Office/Study Workspace,false,true,18,3,3,false,metadata
racket_backpack,"Tennis racket inside the front backpack compartment, with the tie and cap inside the main compartment.",insert,Others,true,true,18,3,3,true,
racket_table_floor,"Sandals neatly stored inside the closed shoe bag, with the racket placed on top of the orange table.",insert|close|place,Household Org/Storage,true,true,18,3,3,true,
radio_toy,The radio is inside the closed box.,insert|close,Household Org/Storage,true,true,18,3,3,true,
remote_marker_stand,"The marker is inside the red stationery case, the white AC remote is inside the standing remote holder, and the green notebook is on the laptop stand.",insert|place,Office/Study Workspace,true,true,18,3,3,true,
router_laptop_cable,"Gray LAN cable plugged into the black laptop, with the orange cable disconnected from the JBL speaker and laptop and connected instead to the black charger block. The closed laptop, router, JBL speaker, and charger block are stacked from bottom to top in that order.",connect|disconnect|close|arrange,Office/Study Workspace,true,true,18,3,3,true,
royal_flush,"A royal flush is arranged on the cardboard from lowest to highest left to right, with the remaining cards on the table.",sort,Others,false,true,18,3,3,false,metadata
rugby_dumbbell,"Dumbbell and water bottle stored inside the brown paper bag, with the filled paper bag placed inside the laundry basket, and the rugby ball positioned on the empty spot previously occupied by the paper bag.",insert|place,Household Org/Storage,true,true,18,3,3,true,
sanitary_face_wash,"White tube, orange bottle, dark bottle, and their loose caps stored inside the closed pink pouch.",insert|close,Personal Care/Utilities,true,true,18,3,3,true,
sauce_tissue,"Chili sauce on the plate, with the fork and spoon on the plate, the closed chili sauce bottle on the table, and the knife covered with a tissue on the table.",pour|place|close,Kitchen/Food Prep,true,true,18,3,3,true,
scattered_teabags,"Store the green-wrapped teabags, yellow-wrapped teabags, and bare teabags in their respective separate storage locations: green packets in the green-packet compartment, yellow packets in the yellow-packet compartment, and bare teabags in the yellow box. Each location must contain only its respective type, with no other types mixed in. Leave the red packets outside these groups and close the yellow box.",insert|arrange|close,Kitchen/Food Prep,true,true,18,3,3,true,
screwdriver_wrench,"All of appliances are inside the closed green container, with the orange glove placed on top of the closed container.",close|place,Household Org/Storage,false,true,18,3,3,false,metadata
shoes_sandals_boxes,"Sandals stored inside the closed orange box, with the shoes stored inside the closed brown-and-white box.",insert|close,Household Org/Storage,true,true,18,3,3,true,
shoes_socks_arrange,"Blue socks placed inside the blue shoes and grey socks placed inside the black sandals, with the blue shoes positioned to the right of the black sandals",place,Personal Care/Utilities,false,true,18,3,3,false,metadata
soap_mix,The blue soap liquid and brown soap liquid are mixed together with the white bottle cap being its mixture place.,place|stir,Personal Care/Utilities,false,true,18,3,3,false,metadata
sock_bucket,"AirPod case placed in front of the socks, with the socks folded together and stored inside the bucket.",fold|insert|place,Household Org/Storage,true,true,18,3,3,true,
stack_blocks,"The blocks are stacked from bottom to top in this order: yellow, green, red, blue.",arrange,Others,true,true,18,3,3,true,
stack_book_laptop,The closed book is stacked on top of the closed laptop.,arrange|close,Office/Study Workspace,true,true,18,3,3,true,
stack_book_pen,Stack the book on top of the paper and the pen on top of the book,place|stack,Others,false,true,18,3,3,false,metadata
stack_cap_bottle,"All paper cups from both bottles are nested together in a single upright stack on the table, with their openings facing upward.",attach|arrange,Others,true,true,18,3,3,true,
stack_dishes_utensils,"Visible kitchen items are stacked into big to small configuration from bottom to top, with the knife and fork inside the bowl.",place|stack,Kitchen/Food Prep,false,true,18,3,3,false,metadata
staple_paper,The round yellow paper is stapled to the white A4 paper with the fully inserted stapler with its staples filling.,attach,Office/Study Workspace,true,true,18,2,2,true,
sunblock_powder_bottle,All bottles or container properly closed then all items stored inside the black plastic bag.,close|insert,Personal Care/Utilities,true,true,18,3,3,true,
swap_camera_lens,"The short lens is attached to the camera and the camera is inside the camera bag, while the detached long lens is covered with the dust cap and wrapped in the lens cloth.",open|close|place|connect,Office/Study Workspace,false,true,18,3,3,false,metadata
tablet_cleaner,"Tablet cleaned using screen cleaner spray and a microfiber cloth, with the microfiber cloth and closed cleaner bottle placed on top of the tablet.",clean|close|place,Office/Study Workspace,true,true,18,3,3,true,
tape_stapler_marker,"The tape is inside the tape dispenser, and the stapler and marker are inside the pencil holder.",attach|insert,Office/Study Workspace,true,true,18,2,2,true,
tea_bags_and_cups,Each tea bag is inside the cup with the matching color.,insert,Kitchen/Food Prep,true,true,18,3,3,true,
three_caps,Each marker is fitted with its matching color cap.,attach,Personal Care/Utilities,true,true,18,2,2,true,
three_cups_and_water,"Only one of the visible colored cups contains some water, the water in that cup is stirred, and there is no visible spill outside the cups.",pour|operate,Kitchen/Food Prep,true,true,18,3,3,true,
three_shoes_and_rack,Put shoes on the floor into the shoes rack. Each shoes has to be placed to correct pair indicated by the same color for left and right shoe.,place|sort,Household Org/Storage,true,false,12,3,3,false,ai:minimax_h3:3|ai:cosmos_3:3
three_spice_and_weight,The condiments are placed on the scale for weighing.,pour|operate,Kitchen/Food Prep,true,true,18,3,3,true,
tidy_container,"All items outside their containers, with all containers then being closed with their matching cover.",close|sort,Household Org/Storage,false,true,18,3,3,false,metadata
tidy_personal_care_bottle,All personal care product containers properly closed with their matching cap and all of them stand straight instead of laid down.,close|sort,Personal Care/Utilities,false,true,18,3,3,false,metadata
toilet_broom_towel,"Place the orange towel on the metal toilet tissue holder, and position the broom beside the standing wiper.",place,Household Org/Storage,true,true,18,2,2,true,
toiletries_container,"The closed shampoo bottle and soap are in the right compartment of the grey container, and the toothbrush and toothpaste are secured under the elastic strap in the left compartment; the container is closed.",insert|close,Personal Care/Utilities,true,true,18,2,2,true,
toner_moisturizer_mix,The blue moisturizer and green toner are mixed together on the table using a cotton bud.,stir,Personal Care/Utilities,false,true,18,3,3,false,metadata
toothbrush_case,Closed toothpaste and folded toothbrush stored inside the closed travel case.,fold|insert|close,Personal Care/Utilities,true,true,18,3,3,true,
toothbrush_trimmer,"Toothbrush and toothpaste inside the white basket, with the trimmer closed and placed beside the metal basket",close|place,Personal Care/Utilities,false,true,18,3,3,false,metadata
toothpaste_water,"Toothpaste applied to the toothbrush, with the toothbrush rinsed and the toothpaste tube closed.",pour|clean|close,Personal Care/Utilities,true,true,18,3,3,true,
toy_fan,The toy motorcycle and fan are inside the closed container.,close|place,Household Org/Storage,false,true,18,3,3,false,metadata
trophy_luggage,stand the golden trophy up to the right side of the silver trophy then put the racket on top of the piano table and put the luggage and blue bag to the floor right side of the black piano chair,arrange|place,Household Org/Storage,true,true,18,3,2,true,
vim_lunchbox,Prepare a closed and latched clear lunchbox containing the wrapped snack and capped bottle (at first cap separated).,insert|close,Kitchen/Food Prep,true,true,18,2,1,true,
water_flour,The flour in the container is mixed with all the water from one full measuring cup.,pour|operate,Kitchen/Food Prep,true,true,18,1,1,true,
