video_id,case_id,model,seq_task,seq_physics,seq_final,ind_task,ind_physics,ind_final,status
acoustic_electric_guitar::cosmos_3__202,acoustic_electric_guitar,cosmos_3,33.333333333333336,75.0,50.0,33.333333333333336,75.0,50.0,ok
acoustic_electric_guitar::cosmos_3__303,acoustic_electric_guitar,cosmos_3,50.0,0.0,0.0,50.0,25.0,35.35533905932738,ok
acoustic_electric_guitar::grok_imagine_video_1_5__303,acoustic_electric_guitar,grok_imagine_video_1_5,100.0,100.0,100.0,100.0,100.0,100.0,ok
acoustic_electric_guitar::kling_v3_pro__101,acoustic_electric_guitar,kling_v3_pro,100.0,100.0,100.0,100.0,100.0,100.0,ok
acoustic_electric_guitar::kling_v3_pro__303,acoustic_electric_guitar,kling_v3_pro,50.0,100.0,70.71067811865476,50.0,100.0,70.71067811865476,ok
acoustic_electric_guitar::minimax_h3__101,acoustic_electric_guitar,minimax_h3,100.0,100.0,100.0,100.0,100.0,100.0,ok
acoustic_electric_guitar::seedance_2_0__202,acoustic_electric_guitar,seedance_2_0,100.0,50.0,70.71067811865476,100.0,75.0,86.60254037844386,ok
acoustic_electric_guitar::wan_2_7__303,acoustic_electric_guitar,wan_2_7,,,,,,,budget
acoustic_electric_guitar::wrong_3,acoustic_electric_guitar,human_wrong,83.33333333333333,100.0,91.28709291752767,83.33333333333333,100.0,91.28709291752767,ok
air_freshener_dispenser::cosmos_3__101,air_freshener_dispenser,cosmos_3,11.111111111111109,,,11.111111111111109,,,task_ok|physics_rubric_NA
air_freshener_dispenser::cosmos_3__202,air_freshener_dispenser,cosmos_3,6.666666666666667,,,6.666666666666667,,,task_ok|physics_rubric_NA
air_freshener_dispenser::cosmos_3__303,air_freshener_dispenser,cosmos_3,0.0,,0.0,0.0,,0.0,task_ok|physics_rubric_NA
air_freshener_dispenser::grok_imagine_video_1_5__202,air_freshener_dispenser,grok_imagine_video_1_5,53.333333333333336,66.66666666666666,59.62847939999439,60.0,91.66666666666666,74.16198487095663,ok
air_freshener_dispenser::grok_imagine_video_1_5__303,air_freshener_dispenser,grok_imagine_video_1_5,100.0,80.0,89.44271909999159,100.0,90.0,94.86832980505137,ok
air_freshener_dispenser::kling_v3_pro__202,air_freshener_dispenser,kling_v3_pro,20.0,16.666666666666664,18.257418583505537,20.0,37.5,27.386127875258307,ok
air_freshener_dispenser::minimax_h3__101,air_freshener_dispenser,minimax_h3,33.333333333333336,87.5,54.00617248673217,33.333333333333336,87.5,54.00617248673217,ok
air_freshener_dispenser::minimax_h3__202,air_freshener_dispenser,minimax_h3,13.333333333333334,37.5,22.360679774997898,20.0,62.5,35.35533905932738,ok
air_freshener_dispenser::minimax_h3__303,air_freshener_dispenser,minimax_h3,22.222222222222218,100.0,47.14045207910316,22.222222222222218,100.0,47.14045207910316,ok
air_freshener_dispenser::seedance_2_0__101,air_freshener_dispenser,seedance_2_0,73.33333333333334,100.0,85.63488385776753,80.0,100.0,89.44271909999159,ok
air_freshener_dispenser::seedance_2_0__202,air_freshener_dispenser,seedance_2_0,22.222222222222218,100.0,47.14045207910316,33.333333333333336,100.0,57.735026918962575,ok
air_freshener_dispenser::seedance_2_0__303,air_freshener_dispenser,seedance_2_0,,,,,,,budget
air_freshener_dispenser::wan_2_7__101,air_freshener_dispenser,wan_2_7,20.0,25.0,22.360679774997898,46.666666666666664,37.5,41.83300132670378,ok
air_freshener_dispenser::wan_2_7__202,air_freshener_dispenser,wan_2_7,33.333333333333336,18.75,25.0,33.333333333333336,37.5,35.35533905932738,ok
air_freshener_dispenser::wan_2_7__303,air_freshener_dispenser,wan_2_7,60.0,100.0,77.45966692414834,80.0,100.0,89.44271909999159,ok
air_freshener_dispenser::wrong_1,air_freshener_dispenser,human_wrong,40.0,100.0,63.245553203367585,40.0,100.0,63.245553203367585,ok
air_freshener_dispenser::wrong_2,air_freshener_dispenser,human_wrong,80.0,100.0,89.44271909999159,80.0,100.0,89.44271909999159,ok
air_freshener_dispenser::wrong_3,air_freshener_dispenser,human_wrong,33.333333333333336,83.33333333333334,52.70462766947299,33.333333333333336,91.66666666666666,55.277079839256665,ok
aromatic_cube_leaf::cosmos_3__101,aromatic_cube_leaf,cosmos_3,33.333333333333336,0.0,0.0,33.333333333333336,58.333333333333336,44.09585518440984,ok
aromatic_cube_leaf::cosmos_3__202,aromatic_cube_leaf,cosmos_3,0.0,,0.0,0.0,,0.0,task_ok|physics_rubric_NA
aromatic_cube_leaf::cosmos_3__303,aromatic_cube_leaf,cosmos_3,22.222222222222218,50.0,33.33333333333333,22.222222222222218,75.0,40.8248290463863,ok
aromatic_cube_leaf::grok_imagine_video_1_5__101,aromatic_cube_leaf,grok_imagine_video_1_5,66.66666666666667,66.66666666666666,66.66666666666667,66.66666666666667,83.33333333333334,74.535599249993,ok
aromatic_cube_leaf::grok_imagine_video_1_5__202,aromatic_cube_leaf,grok_imagine_video_1_5,,,,,,,budget
aromatic_cube_leaf::grok_imagine_video_1_5__303,aromatic_cube_leaf,grok_imagine_video_1_5,100.0,100.0,100.0,100.0,100.0,100.0,ok
aromatic_cube_leaf::kling_v3_pro__101,aromatic_cube_leaf,kling_v3_pro,100.0,100.0,100.0,100.0,100.0,100.0,ok
aromatic_cube_leaf::kling_v3_pro__202,aromatic_cube_leaf,kling_v3_pro,77.77777777777779,83.33333333333334,80.50764858994133,77.77777777777779,91.66666666666666,84.43713418650368,ok
aromatic_cube_leaf::kling_v3_pro__303,aromatic_cube_leaf,kling_v3_pro,100.0,100.0,100.0,100.0,100.0,100.0,ok
aromatic_cube_leaf::minimax_h3__101,aromatic_cube_leaf,minimax_h3,100.0,100.0,100.0,100.0,100.0,100.0,ok
aromatic_cube_leaf::minimax_h3__202,aromatic_cube_leaf,minimax_h3,,,,,,,budget
aromatic_cube_leaf::minimax_h3__303,aromatic_cube_leaf,minimax_h3,100.0,100.0,100.0,100.0,100.0,100.0,ok
aromatic_cube_leaf::seedance_2_0__101,aromatic_cube_leaf,seedance_2_0,100.0,100.0,100.0,100.0,100.0,100.0,ok
aromatic_cube_leaf::seedance_2_0__202,aromatic_cube_leaf,seedance_2_0,66.66666666666667,100.0,81.64965809277261,66.66666666666667,100.0,81.64965809277261,ok
aromatic_cube_leaf::seedance_2_0__303,aromatic_cube_leaf,seedance_2_0,100.0,100.0,100.0,100.0,100.0,100.0,ok
aromatic_cube_leaf::wan_2_7__101,aromatic_cube_leaf,wan_2_7,44.444444444444436,100.0,66.66666666666666,66.66666666666667,100.0,81.64965809277261,ok
aromatic_cube_leaf::wan_2_7__202,aromatic_cube_leaf,wan_2_7,44.444444444444436,100.0,66.66666666666666,44.444444444444436,100.0,66.66666666666666,ok
aromatic_cube_leaf::wan_2_7__303,aromatic_cube_leaf,wan_2_7,22.222222222222218,0.0,0.0,44.444444444444436,41.66666666666667,43.03314829119352,ok
aromatic_cube_leaf::wrong_1,aromatic_cube_leaf,human_wrong,66.66666666666667,100.0,81.64965809277261,66.66666666666667,100.0,81.64965809277261,ok
aromatic_cube_leaf::wrong_2,aromatic_cube_leaf,human_wrong,,,,,,,budget
aromatic_cube_leaf::wrong_3,aromatic_cube_leaf,human_wrong,,,,,,,budget
banknote_card_coin::cosmos_3__202,banknote_card_coin,cosmos_3,,,,,,,budget
banknote_card_coin::cosmos_3__303,banknote_card_coin,cosmos_3,50.0,0.0,0.0,50.0,25.0,35.35533905932738,ok
banknote_card_coin::grok_imagine_video_1_5__101,banknote_card_coin,grok_imagine_video_1_5,,,,,,,budget
banknote_card_coin::grok_imagine_video_1_5__202,banknote_card_coin,grok_imagine_video_1_5,,,,,,,budget
banknote_card_coin::grok_imagine_video_1_5__303,banknote_card_coin,grok_imagine_video_1_5,100.0,100.0,100.0,100.0,100.0,100.0,ok
banknote_card_coin::kling_v3_pro__101,banknote_card_coin,kling_v3_pro,58.333333333333336,100.0,76.37626158259734,58.333333333333336,100.0,76.37626158259734,ok
banknote_card_coin::kling_v3_pro__202,banknote_card_coin,kling_v3_pro,75.0,83.33333333333334,79.05694150420949,75.0,91.66666666666666,82.91561975888499,ok
banknote_card_coin::kling_v3_pro__303,banknote_card_coin,kling_v3_pro,25.0,100.0,50.0,25.0,100.0,50.0,ok
banknote_card_coin::minimax_h3__101,banknote_card_coin,minimax_h3,75.0,75.0,75.0,75.0,81.25,78.06247497997998,ok
banknote_card_coin::minimax_h3__202,banknote_card_coin,minimax_h3,100.0,100.0,100.0,100.0,100.0,100.0,ok
banknote_card_coin::minimax_h3__303,banknote_card_coin,minimax_h3,50.0,100.0,70.71067811865476,66.66666666666667,100.0,81.64965809277261,ok
banknote_card_coin::seedance_2_0__101,banknote_card_coin,seedance_2_0,50.0,93.75,68.46531968814577,58.333333333333336,93.75,73.9509972887452,ok
banknote_card_coin::seedance_2_0__202,banknote_card_coin,seedance_2_0,100.0,87.5,93.54143466934853,100.0,93.75,96.82458365518542,ok
banknote_card_coin::seedance_2_0__303,banknote_card_coin,seedance_2_0,100.0,75.0,86.60254037844386,100.0,87.5,93.54143466934853,ok
banknote_card_coin::wan_2_7__101,banknote_card_coin,wan_2_7,50.0,100.0,70.71067811865476,75.0,100.0,86.60254037844386,ok
banknote_card_coin::wan_2_7__202,banknote_card_coin,wan_2_7,58.333333333333336,93.75,73.9509972887452,58.333333333333336,93.75,73.9509972887452,ok
banknote_card_coin::wan_2_7__303,banknote_card_coin,wan_2_7,75.0,100.0,86.60254037844386,75.0,100.0,86.60254037844386,ok
banknote_card_coin::wrong_1,banknote_card_coin,human_wrong,50.0,100.0,70.71067811865476,50.0,100.0,70.71067811865476,ok
banknote_card_coin::wrong_2,banknote_card_coin,human_wrong,75.0,100.0,86.60254037844386,75.0,100.0,86.60254037844386,ok
banknote_card_coin::wrong_3,banknote_card_coin,human_wrong,50.0,100.0,70.71067811865476,50.0,100.0,70.71067811865476,ok
candle_lighter::cosmos_3__101,candle_lighter,cosmos_3,0.0,0.0,0.0,8.333333333333334,12.5,10.206207261596576,ok
candle_lighter::grok_imagine_video_1_5__101,candle_lighter,grok_imagine_video_1_5,83.33333333333333,100.0,91.28709291752767,83.33333333333333,100.0,91.28709291752767,ok
candle_lighter::grok_imagine_video_1_5__202,candle_lighter,grok_imagine_video_1_5,100.0,50.0,70.71067811865476,100.0,81.25,90.13878188659973,ok
candle_lighter::grok_imagine_video_1_5__303,candle_lighter,grok_imagine_video_1_5,,,,,,,budget
candle_lighter::kling_v3_pro__101,candle_lighter,kling_v3_pro,66.66666666666667,100.0,81.64965809277261,66.66666666666667,100.0,81.64965809277261,ok
candle_lighter::minimax_h3__101,candle_lighter,minimax_h3,75.0,25.0,43.30127018922193,91.66666666666667,43.75,63.32785063987777,ok
candle_lighter::minimax_h3__303,candle_lighter,minimax_h3,50.0,100.0,70.71067811865476,66.66666666666667,100.0,81.64965809277261,ok
candle_lighter::seedance_2_0__202,candle_lighter,seedance_2_0,,,,,,,budget
candle_lighter::wan_2_7__202,candle_lighter,wan_2_7,41.666666666666664,100.0,64.54972243679028,58.333333333333336,100.0,76.37626158259734,ok
candle_lighter::wrong_2,candle_lighter,human_wrong,83.33333333333333,100.0,91.28709291752767,83.33333333333333,100.0,91.28709291752767,ok
candle_lighter::wrong_3,candle_lighter,human_wrong,50.0,83.33333333333334,64.54972243679029,50.0,91.66666666666666,67.700320038633,ok
coffee_beans::seedance_2_0__202,coffee_beans,seedance_2_0,100.0,100.0,100.0,100.0,100.0,100.0,ok
coffee_beans::seedance_2_0__303,coffee_beans,seedance_2_0,100.0,100.0,100.0,100.0,100.0,100.0,ok
cooking_oil::cosmos_3__101,cooking_oil,cosmos_3,25.0,0.0,0.0,25.0,25.0,25.0,ok
cooking_oil::cosmos_3__202,cooking_oil,cosmos_3,0.0,0.0,0.0,0.0,0.0,0.0,ok
cooking_oil::cosmos_3__303,cooking_oil,cosmos_3,66.66666666666667,8.333333333333332,23.570226039551585,66.66666666666667,16.666666666666664,33.333333333333336,ok
cooking_oil::grok_imagine_video_1_5__101,cooking_oil,grok_imagine_video_1_5,58.333333333333336,41.66666666666667,49.300664859163476,58.333333333333336,66.66666666666666,62.36095644623236,ok
cooking_oil::grok_imagine_video_1_5__202,cooking_oil,grok_imagine_video_1_5,50.0,66.66666666666666,57.735026918962575,66.66666666666667,66.66666666666666,66.66666666666667,ok
cooking_oil::grok_imagine_video_1_5__303,cooking_oil,grok_imagine_video_1_5,55.555555555555564,83.33333333333334,68.04138174397717,55.555555555555564,91.66666666666666,71.36240321480628,ok
cooking_oil::kling_v3_pro__101,cooking_oil,kling_v3_pro,50.0,75.0,61.237243569579455,58.333333333333336,75.0,66.14378277661477,ok
cooking_oil::kling_v3_pro__202,cooking_oil,kling_v3_pro,16.666666666666668,25.0,20.412414523193153,16.666666666666668,37.5,25.0,ok
cooking_oil::kling_v3_pro__303,cooking_oil,kling_v3_pro,50.0,33.33333333333333,40.8248290463863,50.0,,,ok
cooking_oil::minimax_h3__101,cooking_oil,minimax_h3,66.66666666666667,62.5,64.54972243679029,88.88888888888887,81.25,84.98365855987974,ok
cooking_oil::minimax_h3__202,cooking_oil,minimax_h3,50.0,33.33333333333333,40.8248290463863,58.333333333333336,41.66666666666667,49.300664859163476,ok
cooking_oil::wan_2_7__101,cooking_oil,wan_2_7,55.555555555555564,100.0,74.535599249993,55.555555555555564,100.0,74.535599249993,ok
cooking_oil::wan_2_7__202,cooking_oil,wan_2_7,41.666666666666664,75.0,55.90169943749474,75.0,87.5,81.00925873009825,ok
cooking_oil::wan_2_7__303,cooking_oil,wan_2_7,41.666666666666664,58.333333333333336,49.30066485916347,50.0,58.333333333333336,54.00617248673217,ok
cooking_oil::wrong_1,cooking_oil,human_wrong,,,,,,,budget
cooking_oil::wrong_2,cooking_oil,human_wrong,,,,,,,budget
cooking_oil::wrong_3,cooking_oil,human_wrong,,,,,,,budget
cut_chocolate_bar::cosmos_3__101,cut_chocolate_bar,cosmos_3,5.5555555555555545,0.0,0.0,16.666666666666668,0.0,0.0,ok
cut_chocolate_bar::cosmos_3__202,cut_chocolate_bar,cosmos_3,44.444444444444436,0.0,0.0,55.555555555555564,,,ok
cut_chocolate_bar::cosmos_3__303,cut_chocolate_bar,cosmos_3,16.666666666666668,8.333333333333332,11.785113019775793,27.777777777777782,12.5,18.63389981249825,ok
cut_chocolate_bar::grok_imagine_video_1_5__101,cut_chocolate_bar,grok_imagine_video_1_5,61.11111111111111,25.0,39.086797998528574,66.66666666666667,54.166666666666664,60.092521257733154,ok
cut_chocolate_bar::grok_imagine_video_1_5__202,cut_chocolate_bar,grok_imagine_video_1_5,100.0,66.66666666666666,81.6496580927726,100.0,87.5,93.54143466934853,ok
cut_chocolate_bar::grok_imagine_video_1_5__303,cut_chocolate_bar,grok_imagine_video_1_5,55.555555555555564,50.0,52.70462766947299,66.66666666666667,50.0,57.735026918962575,ok
cut_chocolate_bar::kling_v3_pro__101,cut_chocolate_bar,kling_v3_pro,,,,,,,budget
cut_chocolate_bar::kling_v3_pro__202,cut_chocolate_bar,kling_v3_pro,83.33333333333333,87.5,85.39125638299664,94.44444444444446,87.5,90.90593428863096,ok
cut_chocolate_bar::kling_v3_pro__303,cut_chocolate_bar,kling_v3_pro,83.33333333333333,66.66666666666666,74.53559924999298,94.44444444444446,83.33333333333334,88.71510790372952,ok
cut_chocolate_bar::minimax_h3__101,cut_chocolate_bar,minimax_h3,50.0,90.0,67.08203932499369,50.0,90.0,67.08203932499369,ok
cut_chocolate_bar::minimax_h3__202,cut_chocolate_bar,minimax_h3,66.66666666666667,100.0,81.64965809277261,66.66666666666667,100.0,81.64965809277261,ok
cut_chocolate_bar::seedance_2_0__101,cut_chocolate_bar,seedance_2_0,83.33333333333333,90.0,86.60254037844386,83.33333333333333,90.0,86.60254037844386,ok
cut_chocolate_bar::seedance_2_0__202,cut_chocolate_bar,seedance_2_0,100.0,75.0,86.60254037844386,100.0,87.5,93.54143466934853,ok
cut_chocolate_bar::seedance_2_0__303,cut_chocolate_bar,seedance_2_0,,,,,,,budget
cut_chocolate_bar::wan_2_7__101,cut_chocolate_bar,wan_2_7,83.33333333333333,100.0,91.28709291752767,94.44444444444446,100.0,97.18253158075501,ok
cut_chocolate_bar::wan_2_7__202,cut_chocolate_bar,wan_2_7,33.333333333333336,0.0,0.0,61.11111111111111,25.0,39.086797998528574,ok
cut_chocolate_bar::wan_2_7__303,cut_chocolate_bar,wan_2_7,83.33333333333333,50.0,64.54972243679028,94.44444444444446,87.5,90.90593428863096,ok
cut_chocolate_bar::wrong_1,cut_chocolate_bar,human_wrong,27.777777777777782,100.0,52.70462766947299,27.777777777777782,100.0,52.70462766947299,ok
cut_chocolate_bar::wrong_2,cut_chocolate_bar,human_wrong,0.0,,0.0,0.0,,0.0,task_ok|physics_rubric_NA
cut_chocolate_bar::wrong_3,cut_chocolate_bar,human_wrong,44.444444444444436,100.0,66.66666666666666,50.0,100.0,70.71067811865476,ok
desk_mat_tablet::cosmos_3__101,desk_mat_tablet,cosmos_3,33.333333333333336,50.0,40.824829046386306,33.333333333333336,75.0,50.0,ok
desk_mat_tablet::cosmos_3__202,desk_mat_tablet,cosmos_3,0.0,0.0,0.0,0.0,37.5,0.0,ok
desk_mat_tablet::grok_imagine_video_1_5__101,desk_mat_tablet,grok_imagine_video_1_5,100.0,100.0,100.0,100.0,100.0,100.0,ok
desk_mat_tablet::grok_imagine_video_1_5__202,desk_mat_tablet,grok_imagine_video_1_5,100.0,100.0,100.0,100.0,100.0,100.0,ok
desk_mat_tablet::minimax_h3__101,desk_mat_tablet,minimax_h3,100.0,50.0,70.71067811865476,100.0,75.0,86.60254037844386,ok
desk_mat_tablet::minimax_h3__202,desk_mat_tablet,minimax_h3,83.33333333333333,33.33333333333333,52.704627669472984,83.33333333333333,58.333333333333336,69.72166887783963,ok
desk_mat_tablet::seedance_2_0__202,desk_mat_tablet,seedance_2_0,100.0,100.0,100.0,100.0,100.0,100.0,ok
desk_mat_tablet::seedance_2_0__303,desk_mat_tablet,seedance_2_0,100.0,87.5,93.54143466934853,100.0,87.5,93.54143466934853,ok
desk_mat_tablet::wan_2_7__101,desk_mat_tablet,wan_2_7,100.0,100.0,100.0,100.0,100.0,100.0,ok
desk_mat_tablet::wrong_2,desk_mat_tablet,human_wrong,33.333333333333336,60.0,44.721359549995796,44.444444444444436,,,ok
desk_mat_tablet::wrong_3,desk_mat_tablet,human_wrong,,,,,,,budget
dish_washdry::cosmos_3__101,dish_washdry,cosmos_3,20.0,0.0,0.0,20.0,25.0,22.360679774997898,ok
dish_washdry::cosmos_3__303,dish_washdry,cosmos_3,13.333333333333334,0.0,0.0,13.333333333333334,25.0,18.257418583505537,ok
dish_washdry::kling_v3_pro__202,dish_washdry,kling_v3_pro,100.0,85.71428571428571,92.58200997725514,100.0,96.42857142857143,98.19805060619657,ok
dish_washdry::kling_v3_pro__303,dish_washdry,kling_v3_pro,,,,,,,budget
dish_washdry::minimax_h3__202,dish_washdry,minimax_h3,,,,,,,budget
dish_washdry::seedance_2_0__101,dish_washdry,seedance_2_0,66.66666666666667,21.428571428571427,37.79644730092272,66.66666666666667,35.714285714285715,48.79500364742666,ok
dish_washdry::seedance_2_0__202,dish_washdry,seedance_2_0,93.33333333333333,100.0,96.60917830792958,93.33333333333333,100.0,96.60917830792958,ok
dish_washdry::wan_2_7__101,dish_washdry,wan_2_7,100.0,100.0,100.0,100.0,100.0,100.0,ok
dish_washdry::wrong_2,dish_washdry,human_wrong,42.85714285714286,100.0,65.46536707079771,42.85714285714286,100.0,65.46536707079771,ok
dish_washdry::wrong_3,dish_washdry,human_wrong,28.57142857142857,100.0,53.452248382484875,28.57142857142857,100.0,53.452248382484875,ok
double_shoe_box::cosmos_3__101,double_shoe_box,cosmos_3,26.666666666666668,62.5,40.824829046386306,26.666666666666668,62.5,40.824829046386306,ok
double_shoe_box::cosmos_3__202,double_shoe_box,cosmos_3,33.333333333333336,0.0,0.0,53.333333333333336,25.0,36.51483716701107,ok
double_shoe_box::cosmos_3__303,double_shoe_box,cosmos_3,40.0,60.0,48.98979485566356,53.333333333333336,,,ok
double_shoe_box::grok_imagine_video_1_5__101,double_shoe_box,grok_imagine_video_1_5,80.0,100.0,89.44271909999159,80.0,100.0,89.44271909999159,ok
double_shoe_box::grok_imagine_video_1_5__202,double_shoe_box,grok_imagine_video_1_5,13.333333333333334,35.0,21.602468994692867,20.0,40.0,28.284271247461902,ok
double_shoe_box::grok_imagine_video_1_5__303,double_shoe_box,grok_imagine_video_1_5,,,,,,,budget
double_shoe_box::kling_v3_pro__101,double_shoe_box,kling_v3_pro,100.0,100.0,100.0,100.0,100.0,100.0,ok
double_shoe_box::kling_v3_pro__202,double_shoe_box,kling_v3_pro,60.0,100.0,77.45966692414834,66.66666666666667,100.0,81.64965809277261,ok
double_shoe_box::kling_v3_pro__303,double_shoe_box,kling_v3_pro,80.0,100.0,89.44271909999159,80.0,100.0,89.44271909999159,ok
double_shoe_box::minimax_h3__101,double_shoe_box,minimax_h3,100.0,100.0,100.0,100.0,100.0,100.0,ok
double_shoe_box::minimax_h3__202,double_shoe_box,minimax_h3,100.0,100.0,100.0,100.0,100.0,100.0,ok
double_shoe_box::minimax_h3__303,double_shoe_box,minimax_h3,100.0,100.0,100.0,100.0,100.0,100.0,ok
double_shoe_box::seedance_2_0__101,double_shoe_box,seedance_2_0,80.0,87.5,83.66600265340756,93.33333333333333,87.5,90.36961141150638,ok
double_shoe_box::seedance_2_0__202,double_shoe_box,seedance_2_0,100.0,80.0,89.44271909999159,100.0,95.0,97.46794344808964,ok
double_shoe_box::seedance_2_0__303,double_shoe_box,seedance_2_0,80.0,100.0,89.44271909999159,80.0,100.0,89.44271909999159,ok
double_shoe_box::wan_2_7__101,double_shoe_box,wan_2_7,80.0,100.0,89.44271909999159,80.0,100.0,89.44271909999159,ok
double_shoe_box::wan_2_7__202,double_shoe_box,wan_2_7,,,,,,,budget
double_shoe_box::wan_2_7__303,double_shoe_box,wan_2_7,60.0,40.0,48.98979485566356,66.66666666666667,45.0,54.772255750516614,ok
double_shoe_box::wrong_1,double_shoe_box,human_wrong,40.0,100.0,63.245553203367585,40.0,100.0,63.245553203367585,ok
double_shoe_box::wrong_2,double_shoe_box,human_wrong,,,,,,,budget
double_shoe_box::wrong_3,double_shoe_box,human_wrong,60.0,75.0,67.08203932499369,60.0,75.0,67.08203932499369,ok
egg_candy_air_fryer::cosmos_3__101,egg_candy_air_fryer,cosmos_3,33.333333333333336,50.0,40.824829046386306,33.333333333333336,50.0,40.824829046386306,ok
egg_candy_air_fryer::cosmos_3__202,egg_candy_air_fryer,cosmos_3,,,,,,,budget
egg_candy_air_fryer::cosmos_3__303,egg_candy_air_fryer,cosmos_3,20.0,0.0,0.0,20.0,41.66666666666667,28.86751345948129,ok
egg_candy_air_fryer::grok_imagine_video_1_5__101,egg_candy_air_fryer,grok_imagine_video_1_5,100.0,100.0,100.0,100.0,100.0,100.0,ok
egg_candy_air_fryer::grok_imagine_video_1_5__202,egg_candy_air_fryer,grok_imagine_video_1_5,100.0,100.0,100.0,100.0,100.0,100.0,ok
egg_candy_air_fryer::grok_imagine_video_1_5__303,egg_candy_air_fryer,grok_imagine_video_1_5,93.33333333333333,100.0,96.60917830792958,93.33333333333333,100.0,96.60917830792958,ok
egg_candy_air_fryer::kling_v3_pro__101,egg_candy_air_fryer,kling_v3_pro,86.66666666666667,100.0,93.09493362512629,86.66666666666667,100.0,93.09493362512629,ok
egg_candy_air_fryer::kling_v3_pro__202,egg_candy_air_fryer,kling_v3_pro,100.0,100.0,100.0,100.0,100.0,100.0,ok
egg_candy_air_fryer::kling_v3_pro__303,egg_candy_air_fryer,kling_v3_pro,100.0,100.0,100.0,100.0,100.0,100.0,ok
egg_candy_air_fryer::minimax_h3__101,egg_candy_air_fryer,minimax_h3,,,,,,,budget
egg_candy_air_fryer::minimax_h3__202,egg_candy_air_fryer,minimax_h3,20.0,100.0,44.721359549995796,53.333333333333336,100.0,73.02967433402215,ok
egg_candy_air_fryer::seedance_2_0__101,egg_candy_air_fryer,seedance_2_0,100.0,100.0,100.0,100.0,100.0,100.0,ok
egg_candy_air_fryer::seedance_2_0__202,egg_candy_air_fryer,seedance_2_0,100.0,100.0,100.0,100.0,100.0,100.0,ok
egg_candy_air_fryer::seedance_2_0__303,egg_candy_air_fryer,seedance_2_0,100.0,100.0,100.0,100.0,100.0,100.0,ok
egg_candy_air_fryer::wan_2_7__101,egg_candy_air_fryer,wan_2_7,86.66666666666667,100.0,93.09493362512629,93.33333333333333,100.0,96.60917830792958,ok
egg_candy_air_fryer::wan_2_7__202,egg_candy_air_fryer,wan_2_7,93.33333333333333,80.0,86.40987597877147,93.33333333333333,95.0,94.16297927883689,ok
egg_candy_air_fryer::wan_2_7__303,egg_candy_air_fryer,wan_2_7,100.0,100.0,100.0,100.0,100.0,100.0,ok
egg_candy_air_fryer::wrong_1,egg_candy_air_fryer,human_wrong,53.333333333333336,100.0,73.02967433402215,53.333333333333336,100.0,73.02967433402215,ok
egg_candy_air_fryer::wrong_2,egg_candy_air_fryer,human_wrong,73.33333333333334,100.0,85.63488385776753,73.33333333333334,100.0,85.63488385776753,ok
egg_candy_air_fryer::wrong_3,egg_candy_air_fryer,human_wrong,80.0,100.0,89.44271909999159,80.0,100.0,89.44271909999159,ok
egg_sauce_container::cosmos_3__101,egg_sauce_container,cosmos_3,22.222222222222218,20.0,21.08185106778919,22.222222222222218,,,ok
egg_sauce_container::cosmos_3__202,egg_sauce_container,cosmos_3,,,,,,,budget
egg_sauce_container::cosmos_3__303,egg_sauce_container,cosmos_3,0.0,62.5,0.0,0.0,62.5,0.0,ok
egg_sauce_container::grok_imagine_video_1_5__202,egg_sauce_container,grok_imagine_video_1_5,,,,,,,budget
egg_sauce_container::grok_imagine_video_1_5__303,egg_sauce_container,grok_imagine_video_1_5,75.0,100.0,86.60254037844386,83.33333333333333,100.0,91.28709291752767,ok
egg_sauce_container::kling_v3_pro__101,egg_sauce_container,kling_v3_pro,100.0,100.0,100.0,100.0,100.0,100.0,ok
egg_sauce_container::kling_v3_pro__202,egg_sauce_container,kling_v3_pro,66.66666666666667,66.66666666666666,66.66666666666667,66.66666666666667,66.66666666666666,66.66666666666667,ok
egg_sauce_container::kling_v3_pro__303,egg_sauce_container,kling_v3_pro,50.0,100.0,70.71067811865476,50.0,100.0,70.71067811865476,ok
egg_sauce_container::minimax_h3__101,egg_sauce_container,minimax_h3,66.66666666666667,100.0,81.64965809277261,66.66666666666667,100.0,81.64965809277261,ok
egg_sauce_container::seedance_2_0__101,egg_sauce_container,seedance_2_0,100.0,100.0,100.0,100.0,100.0,100.0,ok
egg_sauce_container::seedance_2_0__202,egg_sauce_container,seedance_2_0,100.0,100.0,100.0,100.0,100.0,100.0,ok
egg_sauce_container::seedance_2_0__303,egg_sauce_container,seedance_2_0,100.0,87.5,93.54143466934853,100.0,87.5,93.54143466934853,ok
egg_sauce_container::wan_2_7__101,egg_sauce_container,wan_2_7,100.0,100.0,100.0,100.0,100.0,100.0,ok
egg_sauce_container::wan_2_7__202,egg_sauce_container,wan_2_7,93.33333333333333,66.66666666666666,78.88106377466154,93.33333333333333,66.66666666666666,78.88106377466154,ok
egg_sauce_container::wan_2_7__303,egg_sauce_container,wan_2_7,75.0,83.33333333333334,79.05694150420949,83.33333333333333,83.33333333333334,83.33333333333334,ok
egg_sauce_container::wrong_1,egg_sauce_container,human_wrong,22.222222222222218,100.0,47.14045207910316,22.222222222222218,100.0,47.14045207910316,ok
egg_sauce_container::wrong_3,egg_sauce_container,human_wrong,66.66666666666667,33.33333333333333,47.14045207910317,66.66666666666667,83.33333333333334,74.535599249993,ok
handcuffs_stethoscope::cosmos_3__202,handcuffs_stethoscope,cosmos_3,,,,,,,budget
handcuffs_stethoscope::cosmos_3__303,handcuffs_stethoscope,cosmos_3,26.666666666666668,50.0,36.51483716701107,26.666666666666668,75.0,44.721359549995796,ok
handcuffs_stethoscope::grok_imagine_video_1_5__101,handcuffs_stethoscope,grok_imagine_video_1_5,100.0,50.0,70.71067811865476,100.0,75.0,86.60254037844386,ok
handcuffs_stethoscope::grok_imagine_video_1_5__202,handcuffs_stethoscope,grok_imagine_video_1_5,66.66666666666667,100.0,81.64965809277261,66.66666666666667,100.0,81.64965809277261,ok
handcuffs_stethoscope::grok_imagine_video_1_5__303,handcuffs_stethoscope,grok_imagine_video_1_5,60.0,100.0,77.45966692414834,80.0,100.0,89.44271909999159,ok
handcuffs_stethoscope::kling_v3_pro__101,handcuffs_stethoscope,kling_v3_pro,86.66666666666667,100.0,93.09493362512629,86.66666666666667,100.0,93.09493362512629,ok
handcuffs_stethoscope::kling_v3_pro__303,handcuffs_stethoscope,kling_v3_pro,100.0,75.0,86.60254037844386,100.0,80.0,89.44271909999159,ok
handcuffs_stethoscope::minimax_h3__101,handcuffs_stethoscope,minimax_h3,,,,,,,budget
handcuffs_stethoscope::seedance_2_0__101,handcuffs_stethoscope,seedance_2_0,80.0,100.0,89.44271909999159,86.66666666666667,100.0,93.09493362512629,ok
handcuffs_stethoscope::seedance_2_0__202,handcuffs_stethoscope,seedance_2_0,100.0,100.0,100.0,100.0,100.0,100.0,ok
handcuffs_stethoscope::seedance_2_0__303,handcuffs_stethoscope,seedance_2_0,,,,,,,budget
handcuffs_stethoscope::wan_2_7__202,handcuffs_stethoscope,wan_2_7,66.66666666666667,100.0,81.64965809277261,66.66666666666667,100.0,81.64965809277261,ok
handcuffs_stethoscope::wan_2_7__303,handcuffs_stethoscope,wan_2_7,100.0,100.0,100.0,100.0,100.0,100.0,ok
handcuffs_stethoscope::wrong_1,handcuffs_stethoscope,human_wrong,80.0,85.0,82.46211251235322,80.0,95.0,87.17797887081348,ok
handcuffs_stethoscope::wrong_2,handcuffs_stethoscope,human_wrong,60.0,80.0,69.2820323027551,60.0,90.0,73.48469228349535,ok
handcuffs_stethoscope::wrong_3,handcuffs_stethoscope,human_wrong,60.0,60.0,60.0,60.0,80.0,69.2820323027551,ok
kendama_can::cosmos_3__101,kendama_can,cosmos_3,22.222222222222218,50.0,33.33333333333333,22.222222222222218,75.0,40.8248290463863,ok
kendama_can::cosmos_3__202,kendama_can,cosmos_3,0.0,0.0,0.0,0.0,25.0,0.0,ok
kendama_can::cosmos_3__303,kendama_can,cosmos_3,,,,,,,budget
kendama_can::grok_imagine_video_1_5__101,kendama_can,grok_imagine_video_1_5,100.0,100.0,100.0,100.0,100.0,100.0,ok
kendama_can::grok_imagine_video_1_5__202,kendama_can,grok_imagine_video_1_5,100.0,66.66666666666666,81.6496580927726,100.0,91.66666666666666,95.74271077563381,ok
kendama_can::grok_imagine_video_1_5__303,kendama_can,grok_imagine_video_1_5,55.555555555555564,100.0,74.535599249993,66.66666666666667,100.0,81.64965809277261,ok
kendama_can::kling_v3_pro__101,kendama_can,kling_v3_pro,100.0,100.0,100.0,100.0,100.0,100.0,ok
kendama_can::kling_v3_pro__202,kendama_can,kling_v3_pro,33.333333333333336,100.0,57.735026918962575,33.333333333333336,100.0,57.735026918962575,ok
kendama_can::kling_v3_pro__303,kendama_can,kling_v3_pro,66.66666666666667,100.0,81.64965809277261,66.66666666666667,100.0,81.64965809277261,ok
kendama_can::minimax_h3__101,kendama_can,minimax_h3,,,,,,,budget
kendama_can::minimax_h3__202,kendama_can,minimax_h3,66.66666666666667,100.0,81.64965809277261,66.66666666666667,100.0,81.64965809277261,ok
kendama_can::minimax_h3__303,kendama_can,minimax_h3,22.222222222222218,37.5,28.867513459481284,22.222222222222218,62.5,37.26779962499649,ok
kendama_can::seedance_2_0__101,kendama_can,seedance_2_0,88.88888888888887,91.66666666666666,90.26709338484399,88.88888888888887,91.66666666666666,90.26709338484399,ok
kendama_can::seedance_2_0__202,kendama_can,seedance_2_0,,,,,,,budget
kendama_can::seedance_2_0__303,kendama_can,seedance_2_0,100.0,100.0,100.0,100.0,100.0,100.0,ok
kendama_can::wan_2_7__101,kendama_can,wan_2_7,33.333333333333336,58.333333333333336,44.09585518440984,44.444444444444436,66.66666666666666,54.43310539518173,ok
kendama_can::wan_2_7__202,kendama_can,wan_2_7,66.66666666666667,33.33333333333333,47.14045207910317,88.88888888888887,83.33333333333334,86.06629658238704,ok
kendama_can::wan_2_7__303,kendama_can,wan_2_7,22.222222222222218,66.66666666666666,38.49001794597505,22.222222222222218,75.0,40.8248290463863,ok
kendama_can::wrong_1,kendama_can,human_wrong,33.333333333333336,100.0,57.735026918962575,33.333333333333336,100.0,57.735026918962575,ok
kendama_can::wrong_2,kendama_can,human_wrong,66.66666666666667,100.0,81.64965809277261,66.66666666666667,100.0,81.64965809277261,ok
kendama_can::wrong_3,kendama_can,human_wrong,33.333333333333336,50.0,40.824829046386306,33.333333333333336,75.0,50.0,ok
key_lanyard::cosmos_3__101,key_lanyard,cosmos_3,41.666666666666664,50.0,45.643546458763836,50.0,75.0,61.237243569579455,ok
key_lanyard::cosmos_3__202,key_lanyard,cosmos_3,16.666666666666668,0.0,0.0,25.0,50.0,35.35533905932738,ok
key_lanyard::cosmos_3__303,key_lanyard,cosmos_3,16.666666666666668,0.0,0.0,33.333333333333336,25.0,28.867513459481287,ok
key_lanyard::grok_imagine_video_1_5__101,key_lanyard,grok_imagine_video_1_5,83.33333333333333,80.0,81.6496580927726,91.66666666666667,85.0,88.27041784576907,ok
key_lanyard::grok_imagine_video_1_5__202,key_lanyard,grok_imagine_video_1_5,50.0,50.0,50.0,50.0,68.75,58.63019699779287,ok
key_lanyard::grok_imagine_video_1_5__303,key_lanyard,grok_imagine_video_1_5,66.66666666666667,100.0,81.64965809277261,66.66666666666667,100.0,81.64965809277261,ok
key_lanyard::kling_v3_pro__101,key_lanyard,kling_v3_pro,83.33333333333333,85.0,84.16254115301732,83.33333333333333,85.0,84.16254115301732,ok
key_lanyard::kling_v3_pro__202,key_lanyard,kling_v3_pro,,,,,,,budget
key_lanyard::kling_v3_pro__303,key_lanyard,kling_v3_pro,100.0,100.0,100.0,100.0,100.0,100.0,ok
key_lanyard::minimax_h3__101,key_lanyard,minimax_h3,50.0,60.0,54.772255750516614,50.0,60.0,54.772255750516614,ok
key_lanyard::minimax_h3__202,key_lanyard,minimax_h3,,,,,,,budget
key_lanyard::seedance_2_0__101,key_lanyard,seedance_2_0,100.0,100.0,100.0,100.0,100.0,100.0,ok
key_lanyard::seedance_2_0__202,key_lanyard,seedance_2_0,25.0,85.0,46.09772228646444,58.333333333333336,85.0,70.4154339142587,ok
key_lanyard::seedance_2_0__303,key_lanyard,seedance_2_0,50.0,100.0,70.71067811865476,50.0,100.0,70.71067811865476,ok
key_lanyard::wan_2_7__101,key_lanyard,wan_2_7,,,,,,,budget
key_lanyard::wan_2_7__202,key_lanyard,wan_2_7,16.666666666666668,100.0,40.824829046386306,25.0,100.0,50.0,ok
key_lanyard::wan_2_7__303,key_lanyard,wan_2_7,16.666666666666668,87.5,38.18813079129867,25.0,93.75,48.41229182759271,ok
key_lanyard::wrong_1,key_lanyard,human_wrong,25.0,50.0,35.35533905932738,25.0,60.0,38.72983346207417,ok
key_lanyard::wrong_2,key_lanyard,human_wrong,,,,,,,budget
key_lanyard::wrong_3,key_lanyard,human_wrong,50.0,100.0,70.71067811865476,50.0,100.0,70.71067811865476,ok
laptop_open::cosmos_3__101,laptop_open,cosmos_3,33.333333333333336,0.0,0.0,33.333333333333336,50.0,40.824829046386306,ok
laptop_open::cosmos_3__202,laptop_open,cosmos_3,33.333333333333336,0.0,0.0,33.333333333333336,25.0,28.867513459481287,ok
laptop_open::cosmos_3__303,laptop_open,cosmos_3,55.555555555555564,0.0,0.0,55.555555555555564,8.333333333333332,21.51657414559676,ok
laptop_open::grok_imagine_video_1_5__101,laptop_open,grok_imagine_video_1_5,100.0,16.666666666666664,40.8248290463863,100.0,50.0,70.71067811865476,ok
laptop_open::grok_imagine_video_1_5__202,laptop_open,grok_imagine_video_1_5,,,,,,,budget
laptop_open::grok_imagine_video_1_5__303,laptop_open,grok_imagine_video_1_5,33.333333333333336,0.0,0.0,33.333333333333336,50.0,40.824829046386306,ok
laptop_open::kling_v3_pro__101,laptop_open,kling_v3_pro,100.0,50.0,70.71067811865476,100.0,75.0,86.60254037844386,ok
laptop_open::kling_v3_pro__202,laptop_open,kling_v3_pro,,,,,,,budget
laptop_open::kling_v3_pro__303,laptop_open,kling_v3_pro,33.333333333333336,0.0,0.0,55.555555555555564,50.0,52.70462766947299,ok
laptop_open::minimax_h3__101,laptop_open,minimax_h3,100.0,100.0,100.0,100.0,100.0,100.0,ok
laptop_open::minimax_h3__202,laptop_open,minimax_h3,100.0,100.0,100.0,100.0,100.0,100.0,ok
laptop_open::minimax_h3__303,laptop_open,minimax_h3,55.555555555555564,25.0,37.2677996249965,55.555555555555564,62.5,58.92556509887896,ok
laptop_open::seedance_2_0__101,laptop_open,seedance_2_0,,,,,,,budget
laptop_open::seedance_2_0__202,laptop_open,seedance_2_0,100.0,83.33333333333334,91.28709291752769,100.0,83.33333333333334,91.28709291752769,ok
laptop_open::seedance_2_0__303,laptop_open,seedance_2_0,66.66666666666667,0.0,0.0,88.88888888888887,50.0,66.66666666666666,ok
laptop_open::wan_2_7__101,laptop_open,wan_2_7,77.77777777777779,83.33333333333334,80.50764858994133,77.77777777777779,91.66666666666666,84.43713418650368,ok
laptop_open::wan_2_7__202,laptop_open,wan_2_7,55.555555555555564,66.66666666666666,60.858061945018456,55.555555555555564,91.66666666666666,71.36240321480628,ok
laptop_open::wan_2_7__303,laptop_open,wan_2_7,33.333333333333336,0.0,0.0,33.333333333333336,50.0,40.824829046386306,ok
laptop_open::wrong_2,laptop_open,human_wrong,,,,,,,budget
laptop_open::wrong_3,laptop_open,human_wrong,66.66666666666667,25.0,40.824829046386306,66.66666666666667,62.5,64.54972243679029,ok
line_marker_calculator::cosmos_3__202,line_marker_calculator,cosmos_3,11.111111111111109,0.0,0.0,22.222222222222218,50.0,33.33333333333333,ok
line_marker_calculator::cosmos_3__303,line_marker_calculator,cosmos_3,0.0,,0.0,0.0,,0.0,task_ok|physics_rubric_NA
line_marker_calculator::grok_imagine_video_1_5__101,line_marker_calculator,grok_imagine_video_1_5,72.22222222222221,100.0,84.98365855987974,72.22222222222221,100.0,84.98365855987974,ok
line_marker_calculator::grok_imagine_video_1_5__202,line_marker_calculator,grok_imagine_video_1_5,55.555555555555564,87.5,69.72166887783963,61.11111111111111,91.66666666666666,74.84551991837488,ok
line_marker_calculator::grok_imagine_video_1_5__303,line_marker_calculator,grok_imagine_video_1_5,50.0,75.0,61.237243569579455,66.66666666666667,91.66666666666666,78.17359599705716,ok
line_marker_calculator::kling_v3_pro__101,line_marker_calculator,kling_v3_pro,22.222222222222218,100.0,47.14045207910316,44.444444444444436,100.0,66.66666666666666,ok
line_marker_calculator::kling_v3_pro__202,line_marker_calculator,kling_v3_pro,,,,,,,budget
line_marker_calculator::kling_v3_pro__303,line_marker_calculator,kling_v3_pro,66.66666666666667,100.0,81.64965809277261,75.0,100.0,86.60254037844386,ok
line_marker_calculator::minimax_h3__101,line_marker_calculator,minimax_h3,,,,,,,budget
line_marker_calculator::minimax_h3__202,line_marker_calculator,minimax_h3,16.666666666666668,25.0,20.412414523193153,33.333333333333336,25.0,28.867513459481287,ok
line_marker_calculator::seedance_2_0__101,line_marker_calculator,seedance_2_0,50.0,100.0,70.71067811865476,61.11111111111111,100.0,78.17359599705715,ok
line_marker_calculator::seedance_2_0__202,line_marker_calculator,seedance_2_0,100.0,100.0,100.0,100.0,100.0,100.0,ok
line_marker_calculator::wan_2_7__101,line_marker_calculator,wan_2_7,,,,,,,budget
line_marker_calculator::wan_2_7__202,line_marker_calculator,wan_2_7,100.0,83.33333333333334,91.28709291752769,100.0,95.83333333333334,97.89450103725609,ok
line_marker_calculator::wan_2_7__303,line_marker_calculator,wan_2_7,73.33333333333334,100.0,85.63488385776753,80.0,100.0,89.44271909999159,ok
line_marker_calculator::wrong_1,line_marker_calculator,human_wrong,66.66666666666667,100.0,81.64965809277261,72.22222222222221,100.0,84.98365855987974,ok
line_marker_calculator::wrong_2,line_marker_calculator,human_wrong,,,,,,,budget
line_marker_calculator::wrong_3,line_marker_calculator,human_wrong,77.77777777777779,100.0,88.19171036881968,77.77777777777779,100.0,88.19171036881968,ok
paper_binder_book::cosmos_3__101,paper_binder_book,cosmos_3,0.0,0.0,0.0,0.0,25.0,0.0,ok
paper_binder_book::cosmos_3__202,paper_binder_book,cosmos_3,25.0,100.0,50.0,25.0,100.0,50.0,ok
paper_binder_book::cosmos_3__303,paper_binder_book,cosmos_3,25.0,12.5,17.67766952966369,25.0,12.5,17.67766952966369,ok
paper_binder_book::grok_imagine_video_1_5__101,paper_binder_book,grok_imagine_video_1_5,83.33333333333333,91.66666666666666,87.40073734751262,83.33333333333333,95.83333333333334,89.36504412303007,ok
paper_binder_book::grok_imagine_video_1_5__202,paper_binder_book,grok_imagine_video_1_5,46.666666666666664,100.0,68.31300510639731,46.666666666666664,100.0,68.31300510639731,ok
paper_binder_book::grok_imagine_video_1_5__303,paper_binder_book,grok_imagine_video_1_5,53.333333333333336,68.75,60.553007081949836,53.333333333333336,81.25,65.82805886043833,ok
paper_binder_book::kling_v3_pro__202,paper_binder_book,kling_v3_pro,,,,,,,budget
paper_binder_book::kling_v3_pro__303,paper_binder_book,kling_v3_pro,83.33333333333333,50.0,64.54972243679028,83.33333333333333,66.66666666666666,74.53559924999298,ok
paper_binder_book::minimax_h3__101,paper_binder_book,minimax_h3,16.666666666666668,66.66666666666666,33.333333333333336,25.0,83.33333333333334,45.64354645876384,ok
paper_binder_book::seedance_2_0__101,paper_binder_book,seedance_2_0,100.0,100.0,100.0,100.0,100.0,100.0,ok
paper_binder_book::seedance_2_0__202,paper_binder_book,seedance_2_0,93.33333333333333,100.0,96.60917830792958,93.33333333333333,100.0,96.60917830792958,ok
paper_binder_book::seedance_2_0__303,paper_binder_book,seedance_2_0,66.66666666666667,100.0,81.64965809277261,66.66666666666667,100.0,81.64965809277261,ok
paper_binder_book::wan_2_7__101,paper_binder_book,wan_2_7,60.0,80.0,69.2820323027551,60.0,95.0,75.49834435270749,ok
paper_binder_book::wan_2_7__202,paper_binder_book,wan_2_7,60.0,50.0,54.772255750516614,60.0,70.0,64.8074069840786,ok
paper_binder_book::wan_2_7__303,paper_binder_book,wan_2_7,20.0,12.5,15.811388300841896,20.0,41.66666666666667,28.86751345948129,ok
paper_binder_book::wrong_1,paper_binder_book,human_wrong,66.66666666666667,100.0,81.64965809277261,66.66666666666667,100.0,81.64965809277261,ok
paper_binder_book::wrong_3,paper_binder_book,human_wrong,,,,,,,budget
racket_backpack::cosmos_3__101,racket_backpack,cosmos_3,11.111111111111109,0.0,0.0,11.111111111111109,10.0,10.540925533894596,ok
racket_backpack::cosmos_3__202,racket_backpack,cosmos_3,0.0,,0.0,0.0,,0.0,task_ok|physics_rubric_NA
racket_backpack::cosmos_3__303,racket_backpack,cosmos_3,0.0,,0.0,0.0,,0.0,task_ok|physics_rubric_NA
racket_backpack::grok_imagine_video_1_5__101,racket_backpack,grok_imagine_video_1_5,,,,,,,budget
racket_backpack::grok_imagine_video_1_5__202,racket_backpack,grok_imagine_video_1_5,66.66666666666667,100.0,81.64965809277261,66.66666666666667,100.0,81.64965809277261,ok
racket_backpack::grok_imagine_video_1_5__303,racket_backpack,grok_imagine_video_1_5,100.0,100.0,100.0,100.0,100.0,100.0,ok
racket_backpack::kling_v3_pro__101,racket_backpack,kling_v3_pro,66.66666666666667,100.0,81.64965809277261,66.66666666666667,100.0,81.64965809277261,ok
racket_backpack::kling_v3_pro__202,racket_backpack,kling_v3_pro,,,,,,,budget
racket_backpack::kling_v3_pro__303,racket_backpack,kling_v3_pro,100.0,100.0,100.0,100.0,100.0,100.0,ok
racket_backpack::minimax_h3__101,racket_backpack,minimax_h3,55.555555555555564,66.66666666666666,60.858061945018456,55.555555555555564,75.0,64.54972243679029,ok
racket_backpack::minimax_h3__202,racket_backpack,minimax_h3,0.0,,0.0,0.0,,0.0,task_ok|physics_rubric_NA
racket_backpack::seedance_2_0__101,racket_backpack,seedance_2_0,100.0,100.0,100.0,100.0,100.0,100.0,ok
racket_backpack::seedance_2_0__202,racket_backpack,seedance_2_0,100.0,100.0,100.0,100.0,100.0,100.0,ok
racket_backpack::seedance_2_0__303,racket_backpack,seedance_2_0,100.0,100.0,100.0,100.0,100.0,100.0,ok
racket_backpack::wan_2_7__101,racket_backpack,wan_2_7,100.0,100.0,100.0,100.0,100.0,100.0,ok
racket_backpack::wan_2_7__202,racket_backpack,wan_2_7,88.88888888888887,100.0,94.28090415820633,88.88888888888887,100.0,94.28090415820633,ok
racket_backpack::wan_2_7__303,racket_backpack,wan_2_7,55.555555555555564,60.0,57.73502691896258,55.555555555555564,60.0,57.73502691896258,ok
racket_backpack::wrong_2,racket_backpack,human_wrong,55.555555555555564,100.0,74.535599249993,55.555555555555564,100.0,74.535599249993,ok
racket_backpack::wrong_3,racket_backpack,human_wrong,,,,,,,budget
remote_marker_stand::cosmos_3__101,remote_marker_stand,cosmos_3,33.333333333333336,100.0,57.735026918962575,33.333333333333336,100.0,57.735026918962575,ok
remote_marker_stand::cosmos_3__202,remote_marker_stand,cosmos_3,33.333333333333336,12.5,20.412414523193153,33.333333333333336,50.0,40.824829046386306,ok
remote_marker_stand::cosmos_3__303,remote_marker_stand,cosmos_3,33.333333333333336,50.0,40.824829046386306,44.444444444444436,87.5,62.36095644623235,ok
remote_marker_stand::grok_imagine_video_1_5__101,remote_marker_stand,grok_imagine_video_1_5,100.0,100.0,100.0,100.0,100.0,100.0,ok
remote_marker_stand::grok_imagine_video_1_5__303,remote_marker_stand,grok_imagine_video_1_5,77.77777777777779,100.0,88.19171036881968,77.77777777777779,100.0,88.19171036881968,ok
remote_marker_stand::kling_v3_pro__101,remote_marker_stand,kling_v3_pro,55.555555555555564,25.0,37.2677996249965,55.555555555555564,75.0,64.54972243679029,ok
remote_marker_stand::kling_v3_pro__202,remote_marker_stand,kling_v3_pro,100.0,100.0,100.0,100.0,100.0,100.0,ok
remote_marker_stand::kling_v3_pro__303,remote_marker_stand,kling_v3_pro,33.333333333333336,,,33.333333333333336,,,task_ok|physics_unresolved
remote_marker_stand::minimax_h3__101,remote_marker_stand,minimax_h3,100.0,100.0,100.0,100.0,100.0,100.0,ok
remote_marker_stand::minimax_h3__202,remote_marker_stand,minimax_h3,100.0,100.0,100.0,100.0,100.0,100.0,ok
remote_marker_stand::minimax_h3__303,remote_marker_stand,minimax_h3,100.0,100.0,100.0,100.0,100.0,100.0,ok
remote_marker_stand::seedance_2_0__303,remote_marker_stand,seedance_2_0,100.0,100.0,100.0,100.0,100.0,100.0,ok
remote_marker_stand::wan_2_7__101,remote_marker_stand,wan_2_7,33.333333333333336,100.0,57.735026918962575,33.333333333333336,100.0,57.735026918962575,ok
remote_marker_stand::wan_2_7__202,remote_marker_stand,wan_2_7,100.0,100.0,100.0,100.0,100.0,100.0,ok
remote_marker_stand::wan_2_7__303,remote_marker_stand,wan_2_7,,,,,,,budget
remote_marker_stand::wrong_1,remote_marker_stand,human_wrong,66.66666666666667,100.0,81.64965809277261,66.66666666666667,100.0,81.64965809277261,ok
remote_marker_stand::wrong_2,remote_marker_stand,human_wrong,77.77777777777779,100.0,88.19171036881968,77.77777777777779,100.0,88.19171036881968,ok
remote_marker_stand::wrong_3,remote_marker_stand,human_wrong,66.66666666666667,100.0,81.64965809277261,66.66666666666667,100.0,81.64965809277261,ok
sanitary_face_wash::cosmos_3__202,sanitary_face_wash,cosmos_3,23.80952380952381,35.714285714285715,29.160592175990217,42.85714285714286,42.857142857142854,42.85714285714286,ok
sanitary_face_wash::cosmos_3__303,sanitary_face_wash,cosmos_3,33.333333333333336,28.57142857142857,30.860669992418384,33.333333333333336,28.57142857142857,30.860669992418384,ok
sanitary_face_wash::grok_imagine_video_1_5__202,sanitary_face_wash,grok_imagine_video_1_5,52.38095238095238,100.0,72.37468644557458,57.14285714285714,100.0,75.59289460184544,ok
sanitary_face_wash::kling_v3_pro__202,sanitary_face_wash,kling_v3_pro,66.66666666666667,100.0,81.64965809277261,71.42857142857143,100.0,84.51542547285166,ok
sanitary_face_wash::minimax_h3__101,sanitary_face_wash,minimax_h3,,,,,,,budget
sanitary_face_wash::minimax_h3__202,sanitary_face_wash,minimax_h3,76.19047619047619,95.83333333333334,85.44932592822077,76.19047619047619,95.83333333333334,85.44932592822077,ok
sanitary_face_wash::minimax_h3__303,sanitary_face_wash,minimax_h3,47.61904761904762,100.0,69.00655593423542,57.14285714285714,100.0,75.59289460184544,ok
sanitary_face_wash::seedance_2_0__202,sanitary_face_wash,seedance_2_0,85.71428571428572,100.0,92.58200997725515,90.47619047619048,100.0,95.11897312113419,ok
sanitary_face_wash::wan_2_7__101,sanitary_face_wash,wan_2_7,71.42857142857143,66.66666666666666,69.00655593423542,85.71428571428572,75.0,80.17837257372732,ok
sanitary_face_wash::wan_2_7__202,sanitary_face_wash,wan_2_7,61.904761904761905,80.0,70.37315505489968,71.42857142857143,95.0,82.3754471047914,ok
sanitary_face_wash::wan_2_7__303,sanitary_face_wash,wan_2_7,76.19047619047619,100.0,87.28715609439695,85.71428571428572,100.0,92.58200997725515,ok
sanitary_face_wash::wrong_2,sanitary_face_wash,human_wrong,42.85714285714286,100.0,65.46536707079771,57.14285714285714,100.0,75.59289460184544,ok
sock_bucket::cosmos_3__101,sock_bucket,cosmos_3,11.111111111111109,50.0,23.57022603955158,11.111111111111109,50.0,23.57022603955158,ok
sock_bucket::cosmos_3__202,sock_bucket,cosmos_3,11.111111111111109,100.0,33.33333333333333,11.111111111111109,100.0,33.33333333333333,ok
sock_bucket::cosmos_3__303,sock_bucket,cosmos_3,0.0,0.0,0.0,0.0,,0.0,ok
sock_bucket::grok_imagine_video_1_5__101,sock_bucket,grok_imagine_video_1_5,,,,,,,budget
sock_bucket::grok_imagine_video_1_5__202,sock_bucket,grok_imagine_video_1_5,100.0,100.0,100.0,100.0,100.0,100.0,ok
sock_bucket::grok_imagine_video_1_5__303,sock_bucket,grok_imagine_video_1_5,,,,,,,budget
sock_bucket::kling_v3_pro__101,sock_bucket,kling_v3_pro,100.0,66.66666666666666,81.6496580927726,100.0,75.0,86.60254037844386,ok
sock_bucket::kling_v3_pro__202,sock_bucket,kling_v3_pro,100.0,91.66666666666666,95.74271077563381,100.0,91.66666666666666,95.74271077563381,ok
sock_bucket::kling_v3_pro__303,sock_bucket,kling_v3_pro,100.0,100.0,100.0,100.0,100.0,100.0,ok
sock_bucket::minimax_h3__101,sock_bucket,minimax_h3,100.0,100.0,100.0,100.0,100.0,100.0,ok
sock_bucket::minimax_h3__202,sock_bucket,minimax_h3,,,,,,,budget
sock_bucket::minimax_h3__303,sock_bucket,minimax_h3,66.66666666666667,100.0,81.64965809277261,66.66666666666667,100.0,81.64965809277261,ok
sock_bucket::seedance_2_0__101,sock_bucket,seedance_2_0,100.0,100.0,100.0,100.0,100.0,100.0,ok
sock_bucket::seedance_2_0__202,sock_bucket,seedance_2_0,100.0,100.0,100.0,100.0,100.0,100.0,ok
sock_bucket::seedance_2_0__303,sock_bucket,seedance_2_0,77.77777777777779,100.0,88.19171036881968,88.88888888888887,100.0,94.28090415820633,ok
sock_bucket::wan_2_7__202,sock_bucket,wan_2_7,,,,,,,budget
sock_bucket::wan_2_7__303,sock_bucket,wan_2_7,100.0,100.0,100.0,100.0,100.0,100.0,ok
sock_bucket::wrong_1,sock_bucket,human_wrong,100.0,100.0,100.0,100.0,100.0,100.0,ok
sock_bucket::wrong_2,sock_bucket,human_wrong,66.66666666666667,75.0,70.71067811865476,66.66666666666667,87.5,76.37626158259734,ok
sock_bucket::wrong_3,sock_bucket,human_wrong,100.0,100.0,100.0,100.0,100.0,100.0,ok
stack_blocks::cosmos_3__101,stack_blocks,cosmos_3,0.0,16.666666666666664,0.0,0.0,58.333333333333336,0.0,ok
stack_blocks::cosmos_3__202,stack_blocks,cosmos_3,22.222222222222218,0.0,0.0,22.222222222222218,25.0,23.57022603955158,ok
stack_blocks::cosmos_3__303,stack_blocks,cosmos_3,22.222222222222218,0.0,0.0,22.222222222222218,25.0,23.57022603955158,ok
stack_blocks::grok_imagine_video_1_5__101,stack_blocks,grok_imagine_video_1_5,33.333333333333336,33.33333333333333,33.333333333333336,55.555555555555564,50.0,52.70462766947299,ok
stack_blocks::grok_imagine_video_1_5__202,stack_blocks,grok_imagine_video_1_5,55.555555555555564,0.0,0.0,77.77777777777779,50.0,62.36095644623236,ok
stack_blocks::grok_imagine_video_1_5__303,stack_blocks,grok_imagine_video_1_5,100.0,100.0,100.0,100.0,100.0,100.0,ok
stack_blocks::kling_v3_pro__101,stack_blocks,kling_v3_pro,0.0,100.0,0.0,0.0,100.0,0.0,ok
stack_blocks::minimax_h3__101,stack_blocks,minimax_h3,66.66666666666667,66.66666666666666,66.66666666666667,66.66666666666667,91.66666666666666,78.17359599705716,ok
stack_blocks::minimax_h3__202,stack_blocks,minimax_h3,,,,,,,budget
stack_blocks::seedance_2_0__202,stack_blocks,seedance_2_0,100.0,66.66666666666666,81.6496580927726,100.0,91.66666666666666,95.74271077563381,ok
stack_blocks::seedance_2_0__303,stack_blocks,seedance_2_0,,,,,,,budget
stack_blocks::wan_2_7__101,stack_blocks,wan_2_7,100.0,100.0,100.0,100.0,100.0,100.0,ok
stack_blocks::wan_2_7__202,stack_blocks,wan_2_7,100.0,100.0,100.0,100.0,100.0,100.0,ok
stack_blocks::wan_2_7__303,stack_blocks,wan_2_7,0.0,25.0,0.0,11.111111111111109,41.66666666666667,21.51657414559676,ok
stack_blocks::wrong_1,stack_blocks,human_wrong,,,,,,,budget
stack_blocks::wrong_2,stack_blocks,human_wrong,44.444444444444436,66.66666666666666,54.43310539518173,44.444444444444436,83.33333333333334,60.858061945018456,ok
stack_blocks::wrong_3,stack_blocks,human_wrong,33.333333333333336,100.0,57.735026918962575,33.333333333333336,100.0,57.735026918962575,ok
toothbrush_case::cosmos_3__101,toothbrush_case,cosmos_3,6.666666666666667,0.0,0.0,6.666666666666667,0.0,0.0,ok
toothbrush_case::cosmos_3__202,toothbrush_case,cosmos_3,0.0,0.0,0.0,6.666666666666667,0.0,0.0,ok
toothbrush_case::cosmos_3__303,toothbrush_case,cosmos_3,0.0,,0.0,0.0,,0.0,task_ok|physics_rubric_NA
toothbrush_case::grok_imagine_video_1_5__101,toothbrush_case,grok_imagine_video_1_5,46.666666666666664,100.0,68.31300510639731,60.0,100.0,77.45966692414834,ok
toothbrush_case::grok_imagine_video_1_5__202,toothbrush_case,grok_imagine_video_1_5,40.0,87.5,59.16079783099616,40.0,93.75,61.237243569579455,ok
toothbrush_case::grok_imagine_video_1_5__303,toothbrush_case,grok_imagine_video_1_5,53.333333333333336,90.0,69.2820323027551,66.66666666666667,90.0,77.45966692414834,ok
toothbrush_case::kling_v3_pro__101,toothbrush_case,kling_v3_pro,,,,,,,budget
toothbrush_case::kling_v3_pro__202,toothbrush_case,kling_v3_pro,100.0,100.0,100.0,100.0,100.0,100.0,ok
toothbrush_case::kling_v3_pro__303,toothbrush_case,kling_v3_pro,46.666666666666664,100.0,68.31300510639731,53.333333333333336,100.0,73.02967433402215,ok
toothbrush_case::minimax_h3__101,toothbrush_case,minimax_h3,40.0,100.0,63.245553203367585,40.0,100.0,63.245553203367585,ok
toothbrush_case::minimax_h3__202,toothbrush_case,minimax_h3,66.66666666666667,80.0,73.02967433402215,66.66666666666667,95.0,79.58224257542216,ok
toothbrush_case::minimax_h3__303,toothbrush_case,minimax_h3,100.0,100.0,100.0,100.0,100.0,100.0,ok
toothbrush_case::seedance_2_0__101,toothbrush_case,seedance_2_0,100.0,100.0,100.0,100.0,100.0,100.0,ok
toothbrush_case::seedance_2_0__202,toothbrush_case,seedance_2_0,60.0,50.0,54.772255750516614,60.0,60.0,60.0,ok
toothbrush_case::seedance_2_0__303,toothbrush_case,seedance_2_0,,,,,,,budget
toothbrush_case::wan_2_7__101,toothbrush_case,wan_2_7,46.666666666666664,95.0,66.58328118479393,73.33333333333334,95.0,83.4665601703261,ok
toothbrush_case::wan_2_7__202,toothbrush_case,wan_2_7,100.0,100.0,100.0,100.0,100.0,100.0,ok
toothbrush_case::wan_2_7__303,toothbrush_case,wan_2_7,40.0,100.0,63.245553203367585,40.0,100.0,63.245553203367585,ok
toothbrush_case::wrong_1,toothbrush_case,human_wrong,,,,,,,budget
toothbrush_case::wrong_2,toothbrush_case,human_wrong,66.66666666666667,80.0,73.02967433402215,66.66666666666667,80.0,73.02967433402215,ok
toothbrush_case::wrong_3,toothbrush_case,human_wrong,73.33333333333334,70.0,71.64728420068226,73.33333333333334,85.0,78.95146188218008,ok
toothpaste_water::cosmos_3__101,toothpaste_water,cosmos_3,16.666666666666668,100.0,40.824829046386306,25.0,100.0,50.0,ok
toothpaste_water::cosmos_3__202,toothpaste_water,cosmos_3,25.0,100.0,50.0,25.0,100.0,50.0,ok
toothpaste_water::cosmos_3__303,toothpaste_water,cosmos_3,25.0,25.0,25.0,41.666666666666664,37.5,39.528470752104745,ok
toothpaste_water::grok_imagine_video_1_5__101,toothpaste_water,grok_imagine_video_1_5,,,,,,,budget
toothpaste_water::grok_imagine_video_1_5__202,toothpaste_water,grok_imagine_video_1_5,50.0,50.0,50.0,66.66666666666667,87.5,76.37626158259734,ok
toothpaste_water::grok_imagine_video_1_5__303,toothpaste_water,grok_imagine_video_1_5,50.0,75.0,61.237243569579455,66.66666666666667,87.5,76.37626158259734,ok
toothpaste_water::kling_v3_pro__101,toothpaste_water,kling_v3_pro,60.0,100.0,77.45966692414834,73.33333333333334,100.0,85.63488385776753,ok
toothpaste_water::kling_v3_pro__202,toothpaste_water,kling_v3_pro,46.666666666666664,56.25,51.234753829797995,53.333333333333336,75.0,63.245553203367585,ok
toothpaste_water::kling_v3_pro__303,toothpaste_water,kling_v3_pro,,,,,,,budget
toothpaste_water::minimax_h3__101,toothpaste_water,minimax_h3,58.333333333333336,60.0,59.16079783099616,66.66666666666667,65.0,65.82805886043833,ok
toothpaste_water::minimax_h3__202,toothpaste_water,minimax_h3,,,,,,,budget
toothpaste_water::minimax_h3__303,toothpaste_water,minimax_h3,25.0,50.0,35.35533905932738,33.333333333333336,50.0,40.824829046386306,ok
toothpaste_water::seedance_2_0__101,toothpaste_water,seedance_2_0,75.0,100.0,86.60254037844386,91.66666666666667,100.0,95.74271077563381,ok
toothpaste_water::seedance_2_0__202,toothpaste_water,seedance_2_0,100.0,100.0,100.0,100.0,100.0,100.0,ok
toothpaste_water::seedance_2_0__303,toothpaste_water,seedance_2_0,100.0,50.0,70.71067811865476,100.0,87.5,93.54143466934853,ok
toothpaste_water::wan_2_7__101,toothpaste_water,wan_2_7,25.0,0.0,0.0,25.0,62.5,39.528470752104745,ok
toothpaste_water::wan_2_7__202,toothpaste_water,wan_2_7,,,,,,,budget
toothpaste_water::wan_2_7__303,toothpaste_water,wan_2_7,25.0,62.5,39.528470752104745,50.0,87.5,66.14378277661477,ok
toothpaste_water::wrong_1,toothpaste_water,human_wrong,25.0,100.0,50.0,25.0,100.0,50.0,ok
toothpaste_water::wrong_2,toothpaste_water,human_wrong,,,,,,,budget
toothpaste_water::wrong_3,toothpaste_water,human_wrong,0.0,100.0,0.0,0.0,100.0,0.0,ok
