video_id,case_id,task_native_0_3,physics_native_0_4,task,physics,final,evaluator_fingerprint
acoustic_electric_guitar::wan_2_7__303,acoustic_electric_guitar,3.0,4.0,100.0,100.0,100.0,58b40617bde96301b9cf07421cb31627a6737260faf90409db04b7582724f454
air_freshener_dispenser::minimax_h3__202,air_freshener_dispenser,1.0,4.0,33.333333333333336,100.0,57.735026918962575,58b40617bde96301b9cf07421cb31627a6737260faf90409db04b7582724f454
air_freshener_dispenser::cosmos_3__101,air_freshener_dispenser,0.0,4.0,0.0,100.0,0.0,58b40617bde96301b9cf07421cb31627a6737260faf90409db04b7582724f454
air_freshener_dispenser::wrong_3,air_freshener_dispenser,1.0,4.0,33.333333333333336,100.0,57.735026918962575,58b40617bde96301b9cf07421cb31627a6737260faf90409db04b7582724f454
acoustic_electric_guitar::seedance_2_0__202,acoustic_electric_guitar,3.0,4.0,100.0,100.0,100.0,58b40617bde96301b9cf07421cb31627a6737260faf90409db04b7582724f454
air_freshener_dispenser::kling_v3_pro__202,air_freshener_dispenser,3.0,4.0,100.0,100.0,100.0,58b40617bde96301b9cf07421cb31627a6737260faf90409db04b7582724f454
acoustic_electric_guitar::cosmos_3__202,acoustic_electric_guitar,0.0,4.0,0.0,100.0,0.0,58b40617bde96301b9cf07421cb31627a6737260faf90409db04b7582724f454
acoustic_electric_guitar::grok_imagine_video_1_5__303,acoustic_electric_guitar,3.0,4.0,100.0,100.0,100.0,58b40617bde96301b9cf07421cb31627a6737260faf90409db04b7582724f454
air_freshener_dispenser::grok_imagine_video_1_5__202,air_freshener_dispenser,3.0,4.0,100.0,100.0,100.0,58b40617bde96301b9cf07421cb31627a6737260faf90409db04b7582724f454
air_freshener_dispenser::cosmos_3__202,air_freshener_dispenser,0.0,4.0,0.0,100.0,0.0,58b40617bde96301b9cf07421cb31627a6737260faf90409db04b7582724f454
acoustic_electric_guitar::kling_v3_pro__101,acoustic_electric_guitar,3.0,4.0,100.0,100.0,100.0,58b40617bde96301b9cf07421cb31627a6737260faf90409db04b7582724f454
acoustic_electric_guitar::minimax_h3__101,acoustic_electric_guitar,3.0,4.0,100.0,100.0,100.0,58b40617bde96301b9cf07421cb31627a6737260faf90409db04b7582724f454
air_freshener_dispenser::grok_imagine_video_1_5__303,air_freshener_dispenser,3.0,4.0,100.0,100.0,100.0,58b40617bde96301b9cf07421cb31627a6737260faf90409db04b7582724f454
acoustic_electric_guitar::cosmos_3__303,acoustic_electric_guitar,2.0,4.0,66.66666666666667,100.0,81.6496580927726,58b40617bde96301b9cf07421cb31627a6737260faf90409db04b7582724f454
air_freshener_dispenser::wrong_1,air_freshener_dispenser,1.0,4.0,33.333333333333336,100.0,57.735026918962575,58b40617bde96301b9cf07421cb31627a6737260faf90409db04b7582724f454
air_freshener_dispenser::cosmos_3__303,air_freshener_dispenser,1.0,4.0,33.333333333333336,100.0,57.735026918962575,58b40617bde96301b9cf07421cb31627a6737260faf90409db04b7582724f454
acoustic_electric_guitar::kling_v3_pro__303,acoustic_electric_guitar,1.0,4.0,33.333333333333336,100.0,57.735026918962575,58b40617bde96301b9cf07421cb31627a6737260faf90409db04b7582724f454
air_freshener_dispenser::minimax_h3__101,air_freshener_dispenser,0.0,4.0,0.0,100.0,0.0,58b40617bde96301b9cf07421cb31627a6737260faf90409db04b7582724f454
air_freshener_dispenser::wrong_2,air_freshener_dispenser,3.0,4.0,100.0,100.0,100.0,58b40617bde96301b9cf07421cb31627a6737260faf90409db04b7582724f454
acoustic_electric_guitar::wrong_3,acoustic_electric_guitar,1.0,4.0,33.333333333333336,100.0,57.735026918962575,58b40617bde96301b9cf07421cb31627a6737260faf90409db04b7582724f454
air_freshener_dispenser::minimax_h3__303,air_freshener_dispenser,1.0,4.0,33.333333333333336,100.0,57.735026918962575,58b40617bde96301b9cf07421cb31627a6737260faf90409db04b7582724f454
aromatic_cube_leaf::kling_v3_pro__202,aromatic_cube_leaf,2.0,4.0,66.66666666666667,100.0,81.6496580927726,58b40617bde96301b9cf07421cb31627a6737260faf90409db04b7582724f454
aromatic_cube_leaf::minimax_h3__101,aromatic_cube_leaf,3.0,1.0,100.0,25.0,50.0,58b40617bde96301b9cf07421cb31627a6737260faf90409db04b7582724f454
aromatic_cube_leaf::kling_v3_pro__101,aromatic_cube_leaf,3.0,4.0,100.0,100.0,100.0,58b40617bde96301b9cf07421cb31627a6737260faf90409db04b7582724f454
aromatic_cube_leaf::kling_v3_pro__303,aromatic_cube_leaf,3.0,4.0,100.0,100.0,100.0,58b40617bde96301b9cf07421cb31627a6737260faf90409db04b7582724f454
air_freshener_dispenser::seedance_2_0__202,air_freshener_dispenser,2.0,4.0,66.66666666666667,100.0,81.6496580927726,58b40617bde96301b9cf07421cb31627a6737260faf90409db04b7582724f454
air_freshener_dispenser::wan_2_7__101,air_freshener_dispenser,3.0,4.0,100.0,100.0,100.0,58b40617bde96301b9cf07421cb31627a6737260faf90409db04b7582724f454
air_freshener_dispenser::seedance_2_0__303,air_freshener_dispenser,2.0,4.0,66.66666666666667,100.0,81.6496580927726,58b40617bde96301b9cf07421cb31627a6737260faf90409db04b7582724f454
air_freshener_dispenser::wan_2_7__202,air_freshener_dispenser,3.0,4.0,100.0,100.0,100.0,58b40617bde96301b9cf07421cb31627a6737260faf90409db04b7582724f454
aromatic_cube_leaf::grok_imagine_video_1_5__101,aromatic_cube_leaf,3.0,4.0,100.0,100.0,100.0,58b40617bde96301b9cf07421cb31627a6737260faf90409db04b7582724f454
air_freshener_dispenser::wan_2_7__303,air_freshener_dispenser,3.0,4.0,100.0,100.0,100.0,58b40617bde96301b9cf07421cb31627a6737260faf90409db04b7582724f454
air_freshener_dispenser::seedance_2_0__101,air_freshener_dispenser,3.0,4.0,100.0,100.0,100.0,58b40617bde96301b9cf07421cb31627a6737260faf90409db04b7582724f454
aromatic_cube_leaf::cosmos_3__303,aromatic_cube_leaf,3.0,1.0,100.0,25.0,50.0,58b40617bde96301b9cf07421cb31627a6737260faf90409db04b7582724f454
aromatic_cube_leaf::grok_imagine_video_1_5__202,aromatic_cube_leaf,3.0,4.0,100.0,100.0,100.0,58b40617bde96301b9cf07421cb31627a6737260faf90409db04b7582724f454
aromatic_cube_leaf::grok_imagine_video_1_5__303,aromatic_cube_leaf,3.0,4.0,100.0,100.0,100.0,58b40617bde96301b9cf07421cb31627a6737260faf90409db04b7582724f454
aromatic_cube_leaf::cosmos_3__101,aromatic_cube_leaf,3.0,4.0,100.0,100.0,100.0,58b40617bde96301b9cf07421cb31627a6737260faf90409db04b7582724f454
aromatic_cube_leaf::minimax_h3__202,aromatic_cube_leaf,1.0,1.0,33.333333333333336,25.0,28.867513459481287,58b40617bde96301b9cf07421cb31627a6737260faf90409db04b7582724f454
aromatic_cube_leaf::wan_2_7__101,aromatic_cube_leaf,3.0,4.0,100.0,100.0,100.0,58b40617bde96301b9cf07421cb31627a6737260faf90409db04b7582724f454
aromatic_cube_leaf::seedance_2_0__303,aromatic_cube_leaf,3.0,4.0,100.0,100.0,100.0,58b40617bde96301b9cf07421cb31627a6737260faf90409db04b7582724f454
aromatic_cube_leaf::wan_2_7__202,aromatic_cube_leaf,3.0,4.0,100.0,100.0,100.0,58b40617bde96301b9cf07421cb31627a6737260faf90409db04b7582724f454
aromatic_cube_leaf::minimax_h3__303,aromatic_cube_leaf,3.0,4.0,100.0,100.0,100.0,58b40617bde96301b9cf07421cb31627a6737260faf90409db04b7582724f454
aromatic_cube_leaf::seedance_2_0__101,aromatic_cube_leaf,3.0,4.0,100.0,100.0,100.0,58b40617bde96301b9cf07421cb31627a6737260faf90409db04b7582724f454
aromatic_cube_leaf::seedance_2_0__202,aromatic_cube_leaf,3.0,4.0,100.0,100.0,100.0,58b40617bde96301b9cf07421cb31627a6737260faf90409db04b7582724f454
aromatic_cube_leaf::wan_2_7__303,aromatic_cube_leaf,1.0,0.0,33.333333333333336,0.0,0.0,58b40617bde96301b9cf07421cb31627a6737260faf90409db04b7582724f454
banknote_card_coin::cosmos_3__202,banknote_card_coin,0.0,4.0,0.0,100.0,0.0,58b40617bde96301b9cf07421cb31627a6737260faf90409db04b7582724f454
banknote_card_coin::kling_v3_pro__101,banknote_card_coin,3.0,4.0,100.0,100.0,100.0,58b40617bde96301b9cf07421cb31627a6737260faf90409db04b7582724f454
banknote_card_coin::wrong_1,banknote_card_coin,2.0,4.0,66.66666666666667,100.0,81.6496580927726,58b40617bde96301b9cf07421cb31627a6737260faf90409db04b7582724f454
banknote_card_coin::cosmos_3__303,banknote_card_coin,3.0,4.0,100.0,100.0,100.0,58b40617bde96301b9cf07421cb31627a6737260faf90409db04b7582724f454
banknote_card_coin::kling_v3_pro__202,banknote_card_coin,3.0,4.0,100.0,100.0,100.0,58b40617bde96301b9cf07421cb31627a6737260faf90409db04b7582724f454
banknote_card_coin::grok_imagine_video_1_5__202,banknote_card_coin,3.0,4.0,100.0,100.0,100.0,58b40617bde96301b9cf07421cb31627a6737260faf90409db04b7582724f454
banknote_card_coin::grok_imagine_video_1_5__303,banknote_card_coin,3.0,4.0,100.0,100.0,100.0,58b40617bde96301b9cf07421cb31627a6737260faf90409db04b7582724f454
banknote_card_coin::grok_imagine_video_1_5__101,banknote_card_coin,3.0,4.0,100.0,100.0,100.0,58b40617bde96301b9cf07421cb31627a6737260faf90409db04b7582724f454
banknote_card_coin::kling_v3_pro__303,banknote_card_coin,2.0,4.0,66.66666666666667,100.0,81.6496580927726,58b40617bde96301b9cf07421cb31627a6737260faf90409db04b7582724f454
banknote_card_coin::minimax_h3__303,banknote_card_coin,2.0,4.0,66.66666666666667,100.0,81.6496580927726,58b40617bde96301b9cf07421cb31627a6737260faf90409db04b7582724f454
banknote_card_coin::wrong_2,banknote_card_coin,3.0,4.0,100.0,100.0,100.0,58b40617bde96301b9cf07421cb31627a6737260faf90409db04b7582724f454
banknote_card_coin::minimax_h3__202,banknote_card_coin,3.0,4.0,100.0,100.0,100.0,58b40617bde96301b9cf07421cb31627a6737260faf90409db04b7582724f454
banknote_card_coin::wrong_3,banknote_card_coin,0.0,4.0,0.0,100.0,0.0,58b40617bde96301b9cf07421cb31627a6737260faf90409db04b7582724f454
banknote_card_coin::minimax_h3__101,banknote_card_coin,2.0,4.0,66.66666666666667,100.0,81.6496580927726,58b40617bde96301b9cf07421cb31627a6737260faf90409db04b7582724f454
banknote_card_coin::seedance_2_0__202,banknote_card_coin,3.0,4.0,100.0,100.0,100.0,58b40617bde96301b9cf07421cb31627a6737260faf90409db04b7582724f454
banknote_card_coin::seedance_2_0__101,banknote_card_coin,3.0,4.0,100.0,100.0,100.0,58b40617bde96301b9cf07421cb31627a6737260faf90409db04b7582724f454
banknote_card_coin::seedance_2_0__303,banknote_card_coin,3.0,4.0,100.0,100.0,100.0,58b40617bde96301b9cf07421cb31627a6737260faf90409db04b7582724f454
banknote_card_coin::wan_2_7__101,banknote_card_coin,3.0,4.0,100.0,100.0,100.0,58b40617bde96301b9cf07421cb31627a6737260faf90409db04b7582724f454
banknote_card_coin::wan_2_7__202,banknote_card_coin,2.0,4.0,66.66666666666667,100.0,81.6496580927726,58b40617bde96301b9cf07421cb31627a6737260faf90409db04b7582724f454
banknote_card_coin::wan_2_7__303,banknote_card_coin,3.0,4.0,100.0,100.0,100.0,58b40617bde96301b9cf07421cb31627a6737260faf90409db04b7582724f454
candle_lighter::minimax_h3__303,candle_lighter,1.0,4.0,33.333333333333336,100.0,57.735026918962575,58b40617bde96301b9cf07421cb31627a6737260faf90409db04b7582724f454
candle_lighter::kling_v3_pro__101,candle_lighter,2.0,4.0,66.66666666666667,100.0,81.6496580927726,58b40617bde96301b9cf07421cb31627a6737260faf90409db04b7582724f454
candle_lighter::grok_imagine_video_1_5__202,candle_lighter,3.0,4.0,100.0,100.0,100.0,58b40617bde96301b9cf07421cb31627a6737260faf90409db04b7582724f454
candle_lighter::grok_imagine_video_1_5__101,candle_lighter,3.0,4.0,100.0,100.0,100.0,58b40617bde96301b9cf07421cb31627a6737260faf90409db04b7582724f454
candle_lighter::cosmos_3__101,candle_lighter,2.0,4.0,66.66666666666667,100.0,81.6496580927726,58b40617bde96301b9cf07421cb31627a6737260faf90409db04b7582724f454
candle_lighter::wan_2_7__202,candle_lighter,3.0,4.0,100.0,100.0,100.0,58b40617bde96301b9cf07421cb31627a6737260faf90409db04b7582724f454
candle_lighter::seedance_2_0__202,candle_lighter,3.0,4.0,100.0,100.0,100.0,58b40617bde96301b9cf07421cb31627a6737260faf90409db04b7582724f454
aromatic_cube_leaf::wrong_1,aromatic_cube_leaf,3.0,4.0,100.0,100.0,100.0,58b40617bde96301b9cf07421cb31627a6737260faf90409db04b7582724f454
candle_lighter::minimax_h3__101,candle_lighter,3.0,4.0,100.0,100.0,100.0,58b40617bde96301b9cf07421cb31627a6737260faf90409db04b7582724f454
candle_lighter::grok_imagine_video_1_5__303,candle_lighter,3.0,4.0,100.0,100.0,100.0,58b40617bde96301b9cf07421cb31627a6737260faf90409db04b7582724f454
coffee_beans::seedance_2_0__202,coffee_beans,3.0,4.0,100.0,100.0,100.0,58b40617bde96301b9cf07421cb31627a6737260faf90409db04b7582724f454
candle_lighter::wrong_3,candle_lighter,3.0,4.0,100.0,100.0,100.0,58b40617bde96301b9cf07421cb31627a6737260faf90409db04b7582724f454
coffee_beans::seedance_2_0__303,coffee_beans,3.0,4.0,100.0,100.0,100.0,58b40617bde96301b9cf07421cb31627a6737260faf90409db04b7582724f454
aromatic_cube_leaf::wrong_3,aromatic_cube_leaf,3.0,4.0,100.0,100.0,100.0,58b40617bde96301b9cf07421cb31627a6737260faf90409db04b7582724f454
candle_lighter::wrong_2,candle_lighter,3.0,4.0,100.0,100.0,100.0,58b40617bde96301b9cf07421cb31627a6737260faf90409db04b7582724f454
cooking_oil::cosmos_3__101,cooking_oil,3.0,1.0,100.0,25.0,50.0,58b40617bde96301b9cf07421cb31627a6737260faf90409db04b7582724f454
cooking_oil::cosmos_3__303,cooking_oil,1.0,4.0,33.333333333333336,100.0,57.735026918962575,58b40617bde96301b9cf07421cb31627a6737260faf90409db04b7582724f454
cooking_oil::wan_2_7__101,cooking_oil,1.0,4.0,33.333333333333336,100.0,57.735026918962575,58b40617bde96301b9cf07421cb31627a6737260faf90409db04b7582724f454
cooking_oil::grok_imagine_video_1_5__202,cooking_oil,3.0,4.0,100.0,100.0,100.0,58b40617bde96301b9cf07421cb31627a6737260faf90409db04b7582724f454
cooking_oil::grok_imagine_video_1_5__101,cooking_oil,3.0,4.0,100.0,100.0,100.0,58b40617bde96301b9cf07421cb31627a6737260faf90409db04b7582724f454
cooking_oil::kling_v3_pro__202,cooking_oil,3.0,4.0,100.0,100.0,100.0,58b40617bde96301b9cf07421cb31627a6737260faf90409db04b7582724f454
cooking_oil::minimax_h3__101,cooking_oil,3.0,4.0,100.0,100.0,100.0,58b40617bde96301b9cf07421cb31627a6737260faf90409db04b7582724f454
cooking_oil::kling_v3_pro__101,cooking_oil,3.0,4.0,100.0,100.0,100.0,58b40617bde96301b9cf07421cb31627a6737260faf90409db04b7582724f454
cooking_oil::wan_2_7__303,cooking_oil,3.0,4.0,100.0,100.0,100.0,58b40617bde96301b9cf07421cb31627a6737260faf90409db04b7582724f454
cooking_oil::kling_v3_pro__303,cooking_oil,0.0,4.0,0.0,100.0,0.0,58b40617bde96301b9cf07421cb31627a6737260faf90409db04b7582724f454
cooking_oil::wan_2_7__202,cooking_oil,3.0,4.0,100.0,100.0,100.0,58b40617bde96301b9cf07421cb31627a6737260faf90409db04b7582724f454
cooking_oil::grok_imagine_video_1_5__303,cooking_oil,3.0,4.0,100.0,100.0,100.0,58b40617bde96301b9cf07421cb31627a6737260faf90409db04b7582724f454
cooking_oil::minimax_h3__202,cooking_oil,3.0,4.0,100.0,100.0,100.0,58b40617bde96301b9cf07421cb31627a6737260faf90409db04b7582724f454
cooking_oil::wrong_3,cooking_oil,0.0,4.0,0.0,100.0,0.0,58b40617bde96301b9cf07421cb31627a6737260faf90409db04b7582724f454
cooking_oil::wrong_2,cooking_oil,1.0,4.0,33.333333333333336,100.0,57.735026918962575,58b40617bde96301b9cf07421cb31627a6737260faf90409db04b7582724f454
aromatic_cube_leaf::wrong_2,aromatic_cube_leaf,2.0,4.0,66.66666666666667,100.0,81.6496580927726,58b40617bde96301b9cf07421cb31627a6737260faf90409db04b7582724f454
cut_chocolate_bar::wrong_2,cut_chocolate_bar,0.0,4.0,0.0,100.0,0.0,58b40617bde96301b9cf07421cb31627a6737260faf90409db04b7582724f454
cooking_oil::wrong_1,cooking_oil,0.0,4.0,0.0,100.0,0.0,58b40617bde96301b9cf07421cb31627a6737260faf90409db04b7582724f454
cut_chocolate_bar::cosmos_3__101,cut_chocolate_bar,1.0,4.0,33.333333333333336,100.0,57.735026918962575,58b40617bde96301b9cf07421cb31627a6737260faf90409db04b7582724f454
cut_chocolate_bar::wrong_1,cut_chocolate_bar,0.0,4.0,0.0,100.0,0.0,58b40617bde96301b9cf07421cb31627a6737260faf90409db04b7582724f454
cut_chocolate_bar::minimax_h3__202,cut_chocolate_bar,3.0,4.0,100.0,100.0,100.0,58b40617bde96301b9cf07421cb31627a6737260faf90409db04b7582724f454
cut_chocolate_bar::minimax_h3__101,cut_chocolate_bar,2.0,4.0,66.66666666666667,100.0,81.6496580927726,58b40617bde96301b9cf07421cb31627a6737260faf90409db04b7582724f454
cut_chocolate_bar::grok_imagine_video_1_5__303,cut_chocolate_bar,2.0,2.0,66.66666666666667,50.0,57.735026918962575,58b40617bde96301b9cf07421cb31627a6737260faf90409db04b7582724f454
cut_chocolate_bar::wan_2_7__101,cut_chocolate_bar,3.0,4.0,100.0,100.0,100.0,58b40617bde96301b9cf07421cb31627a6737260faf90409db04b7582724f454
cut_chocolate_bar::wan_2_7__202,cut_chocolate_bar,3.0,4.0,100.0,100.0,100.0,58b40617bde96301b9cf07421cb31627a6737260faf90409db04b7582724f454
cut_chocolate_bar::grok_imagine_video_1_5__101,cut_chocolate_bar,1.0,4.0,33.333333333333336,100.0,57.735026918962575,58b40617bde96301b9cf07421cb31627a6737260faf90409db04b7582724f454
cut_chocolate_bar::cosmos_3__202,cut_chocolate_bar,2.0,4.0,66.66666666666667,100.0,81.6496580927726,58b40617bde96301b9cf07421cb31627a6737260faf90409db04b7582724f454
cut_chocolate_bar::kling_v3_pro__303,cut_chocolate_bar,3.0,4.0,100.0,100.0,100.0,58b40617bde96301b9cf07421cb31627a6737260faf90409db04b7582724f454
cut_chocolate_bar::grok_imagine_video_1_5__202,cut_chocolate_bar,3.0,4.0,100.0,100.0,100.0,58b40617bde96301b9cf07421cb31627a6737260faf90409db04b7582724f454
cut_chocolate_bar::seedance_2_0__101,cut_chocolate_bar,3.0,4.0,100.0,100.0,100.0,58b40617bde96301b9cf07421cb31627a6737260faf90409db04b7582724f454
cut_chocolate_bar::kling_v3_pro__202,cut_chocolate_bar,3.0,4.0,100.0,100.0,100.0,58b40617bde96301b9cf07421cb31627a6737260faf90409db04b7582724f454
cut_chocolate_bar::cosmos_3__303,cut_chocolate_bar,1.0,4.0,33.333333333333336,100.0,57.735026918962575,58b40617bde96301b9cf07421cb31627a6737260faf90409db04b7582724f454
cut_chocolate_bar::wan_2_7__303,cut_chocolate_bar,3.0,4.0,100.0,100.0,100.0,58b40617bde96301b9cf07421cb31627a6737260faf90409db04b7582724f454
cut_chocolate_bar::kling_v3_pro__101,cut_chocolate_bar,3.0,4.0,100.0,100.0,100.0,58b40617bde96301b9cf07421cb31627a6737260faf90409db04b7582724f454
cut_chocolate_bar::seedance_2_0__303,cut_chocolate_bar,3.0,4.0,100.0,100.0,100.0,58b40617bde96301b9cf07421cb31627a6737260faf90409db04b7582724f454
cut_chocolate_bar::seedance_2_0__202,cut_chocolate_bar,3.0,4.0,100.0,100.0,100.0,58b40617bde96301b9cf07421cb31627a6737260faf90409db04b7582724f454
desk_mat_tablet::cosmos_3__202,desk_mat_tablet,3.0,4.0,100.0,100.0,100.0,58b40617bde96301b9cf07421cb31627a6737260faf90409db04b7582724f454
desk_mat_tablet::wrong_2,desk_mat_tablet,0.0,4.0,0.0,100.0,0.0,58b40617bde96301b9cf07421cb31627a6737260faf90409db04b7582724f454
desk_mat_tablet::wrong_3,desk_mat_tablet,3.0,4.0,100.0,100.0,100.0,58b40617bde96301b9cf07421cb31627a6737260faf90409db04b7582724f454
desk_mat_tablet::cosmos_3__101,desk_mat_tablet,1.0,4.0,33.333333333333336,100.0,57.735026918962575,58b40617bde96301b9cf07421cb31627a6737260faf90409db04b7582724f454
desk_mat_tablet::wan_2_7__101,desk_mat_tablet,3.0,4.0,100.0,100.0,100.0,58b40617bde96301b9cf07421cb31627a6737260faf90409db04b7582724f454
desk_mat_tablet::minimax_h3__101,desk_mat_tablet,3.0,4.0,100.0,100.0,100.0,58b40617bde96301b9cf07421cb31627a6737260faf90409db04b7582724f454
desk_mat_tablet::seedance_2_0__202,desk_mat_tablet,3.0,4.0,100.0,100.0,100.0,58b40617bde96301b9cf07421cb31627a6737260faf90409db04b7582724f454
desk_mat_tablet::seedance_2_0__303,desk_mat_tablet,3.0,4.0,100.0,100.0,100.0,58b40617bde96301b9cf07421cb31627a6737260faf90409db04b7582724f454
desk_mat_tablet::grok_imagine_video_1_5__101,desk_mat_tablet,3.0,4.0,100.0,100.0,100.0,58b40617bde96301b9cf07421cb31627a6737260faf90409db04b7582724f454
desk_mat_tablet::minimax_h3__202,desk_mat_tablet,3.0,4.0,100.0,100.0,100.0,58b40617bde96301b9cf07421cb31627a6737260faf90409db04b7582724f454
cut_chocolate_bar::wrong_3,cut_chocolate_bar,1.0,4.0,33.333333333333336,100.0,57.735026918962575,58b40617bde96301b9cf07421cb31627a6737260faf90409db04b7582724f454
desk_mat_tablet::grok_imagine_video_1_5__202,desk_mat_tablet,3.0,4.0,100.0,100.0,100.0,58b40617bde96301b9cf07421cb31627a6737260faf90409db04b7582724f454
dish_washdry::minimax_h3__202,dish_washdry,1.0,4.0,33.333333333333336,100.0,57.735026918962575,58b40617bde96301b9cf07421cb31627a6737260faf90409db04b7582724f454
dish_washdry::kling_v3_pro__202,dish_washdry,3.0,4.0,100.0,100.0,100.0,58b40617bde96301b9cf07421cb31627a6737260faf90409db04b7582724f454
dish_washdry::seedance_2_0__202,dish_washdry,3.0,4.0,100.0,100.0,100.0,58b40617bde96301b9cf07421cb31627a6737260faf90409db04b7582724f454
dish_washdry::seedance_2_0__101,dish_washdry,1.0,4.0,33.333333333333336,100.0,57.735026918962575,58b40617bde96301b9cf07421cb31627a6737260faf90409db04b7582724f454
dish_washdry::kling_v3_pro__303,dish_washdry,1.0,4.0,33.333333333333336,100.0,57.735026918962575,58b40617bde96301b9cf07421cb31627a6737260faf90409db04b7582724f454
dish_washdry::cosmos_3__101,dish_washdry,1.0,4.0,33.333333333333336,100.0,57.735026918962575,58b40617bde96301b9cf07421cb31627a6737260faf90409db04b7582724f454
dish_washdry::wan_2_7__101,dish_washdry,3.0,4.0,100.0,100.0,100.0,58b40617bde96301b9cf07421cb31627a6737260faf90409db04b7582724f454
double_shoe_box::kling_v3_pro__303,double_shoe_box,3.0,4.0,100.0,100.0,100.0,58b40617bde96301b9cf07421cb31627a6737260faf90409db04b7582724f454
double_shoe_box::kling_v3_pro__101,double_shoe_box,3.0,4.0,100.0,100.0,100.0,58b40617bde96301b9cf07421cb31627a6737260faf90409db04b7582724f454
double_shoe_box::cosmos_3__202,double_shoe_box,3.0,4.0,100.0,100.0,100.0,58b40617bde96301b9cf07421cb31627a6737260faf90409db04b7582724f454
double_shoe_box::cosmos_3__101,double_shoe_box,0.0,4.0,0.0,100.0,0.0,58b40617bde96301b9cf07421cb31627a6737260faf90409db04b7582724f454
double_shoe_box::minimax_h3__303,double_shoe_box,3.0,4.0,100.0,100.0,100.0,58b40617bde96301b9cf07421cb31627a6737260faf90409db04b7582724f454
double_shoe_box::grok_imagine_video_1_5__303,double_shoe_box,3.0,4.0,100.0,100.0,100.0,58b40617bde96301b9cf07421cb31627a6737260faf90409db04b7582724f454
double_shoe_box::cosmos_3__303,double_shoe_box,0.0,4.0,0.0,100.0,0.0,58b40617bde96301b9cf07421cb31627a6737260faf90409db04b7582724f454
double_shoe_box::grok_imagine_video_1_5__202,double_shoe_box,0.0,4.0,0.0,100.0,0.0,58b40617bde96301b9cf07421cb31627a6737260faf90409db04b7582724f454
double_shoe_box::seedance_2_0__202,double_shoe_box,3.0,4.0,100.0,100.0,100.0,58b40617bde96301b9cf07421cb31627a6737260faf90409db04b7582724f454
double_shoe_box::grok_imagine_video_1_5__101,double_shoe_box,3.0,4.0,100.0,100.0,100.0,58b40617bde96301b9cf07421cb31627a6737260faf90409db04b7582724f454
double_shoe_box::minimax_h3__101,double_shoe_box,3.0,4.0,100.0,100.0,100.0,58b40617bde96301b9cf07421cb31627a6737260faf90409db04b7582724f454
double_shoe_box::minimax_h3__202,double_shoe_box,3.0,4.0,100.0,100.0,100.0,58b40617bde96301b9cf07421cb31627a6737260faf90409db04b7582724f454
double_shoe_box::seedance_2_0__101,double_shoe_box,3.0,4.0,100.0,100.0,100.0,58b40617bde96301b9cf07421cb31627a6737260faf90409db04b7582724f454
double_shoe_box::seedance_2_0__303,double_shoe_box,3.0,4.0,100.0,100.0,100.0,58b40617bde96301b9cf07421cb31627a6737260faf90409db04b7582724f454
dish_washdry::wrong_2,dish_washdry,2.0,4.0,66.66666666666667,100.0,81.6496580927726,58b40617bde96301b9cf07421cb31627a6737260faf90409db04b7582724f454
dish_washdry::wrong_3,dish_washdry,1.0,4.0,33.333333333333336,100.0,57.735026918962575,58b40617bde96301b9cf07421cb31627a6737260faf90409db04b7582724f454
double_shoe_box::wan_2_7__101,double_shoe_box,3.0,4.0,100.0,100.0,100.0,58b40617bde96301b9cf07421cb31627a6737260faf90409db04b7582724f454
double_shoe_box::wan_2_7__303,double_shoe_box,3.0,4.0,100.0,100.0,100.0,58b40617bde96301b9cf07421cb31627a6737260faf90409db04b7582724f454
double_shoe_box::wan_2_7__202,double_shoe_box,3.0,4.0,100.0,100.0,100.0,58b40617bde96301b9cf07421cb31627a6737260faf90409db04b7582724f454
egg_candy_air_fryer::kling_v3_pro__303,egg_candy_air_fryer,3.0,4.0,100.0,100.0,100.0,58b40617bde96301b9cf07421cb31627a6737260faf90409db04b7582724f454
egg_candy_air_fryer::kling_v3_pro__101,egg_candy_air_fryer,3.0,4.0,100.0,100.0,100.0,58b40617bde96301b9cf07421cb31627a6737260faf90409db04b7582724f454
egg_candy_air_fryer::cosmos_3__101,egg_candy_air_fryer,3.0,4.0,100.0,100.0,100.0,58b40617bde96301b9cf07421cb31627a6737260faf90409db04b7582724f454
egg_candy_air_fryer::kling_v3_pro__202,egg_candy_air_fryer,3.0,4.0,100.0,100.0,100.0,58b40617bde96301b9cf07421cb31627a6737260faf90409db04b7582724f454
egg_candy_air_fryer::cosmos_3__202,egg_candy_air_fryer,0.0,4.0,0.0,100.0,0.0,58b40617bde96301b9cf07421cb31627a6737260faf90409db04b7582724f454
egg_candy_air_fryer::grok_imagine_video_1_5__202,egg_candy_air_fryer,3.0,4.0,100.0,100.0,100.0,58b40617bde96301b9cf07421cb31627a6737260faf90409db04b7582724f454
egg_candy_air_fryer::cosmos_3__303,egg_candy_air_fryer,2.0,4.0,66.66666666666667,100.0,81.6496580927726,58b40617bde96301b9cf07421cb31627a6737260faf90409db04b7582724f454
egg_candy_air_fryer::minimax_h3__101,egg_candy_air_fryer,3.0,4.0,100.0,100.0,100.0,58b40617bde96301b9cf07421cb31627a6737260faf90409db04b7582724f454
egg_candy_air_fryer::grok_imagine_video_1_5__303,egg_candy_air_fryer,3.0,4.0,100.0,100.0,100.0,58b40617bde96301b9cf07421cb31627a6737260faf90409db04b7582724f454
egg_candy_air_fryer::seedance_2_0__101,egg_candy_air_fryer,3.0,4.0,100.0,100.0,100.0,58b40617bde96301b9cf07421cb31627a6737260faf90409db04b7582724f454
double_shoe_box::wrong_1,double_shoe_box,2.0,4.0,66.66666666666667,100.0,81.6496580927726,58b40617bde96301b9cf07421cb31627a6737260faf90409db04b7582724f454
egg_candy_air_fryer::seedance_2_0__202,egg_candy_air_fryer,3.0,4.0,100.0,100.0,100.0,58b40617bde96301b9cf07421cb31627a6737260faf90409db04b7582724f454
egg_candy_air_fryer::grok_imagine_video_1_5__101,egg_candy_air_fryer,3.0,4.0,100.0,100.0,100.0,58b40617bde96301b9cf07421cb31627a6737260faf90409db04b7582724f454
egg_candy_air_fryer::minimax_h3__202,egg_candy_air_fryer,2.0,4.0,66.66666666666667,100.0,81.6496580927726,58b40617bde96301b9cf07421cb31627a6737260faf90409db04b7582724f454
egg_candy_air_fryer::wrong_3,egg_candy_air_fryer,2.0,4.0,66.66666666666667,100.0,81.6496580927726,58b40617bde96301b9cf07421cb31627a6737260faf90409db04b7582724f454
egg_candy_air_fryer::wan_2_7__303,egg_candy_air_fryer,3.0,4.0,100.0,100.0,100.0,58b40617bde96301b9cf07421cb31627a6737260faf90409db04b7582724f454
egg_candy_air_fryer::wrong_2,egg_candy_air_fryer,2.0,4.0,66.66666666666667,100.0,81.6496580927726,58b40617bde96301b9cf07421cb31627a6737260faf90409db04b7582724f454
egg_candy_air_fryer::wrong_1,egg_candy_air_fryer,2.0,4.0,66.66666666666667,100.0,81.6496580927726,58b40617bde96301b9cf07421cb31627a6737260faf90409db04b7582724f454
egg_candy_air_fryer::wan_2_7__101,egg_candy_air_fryer,3.0,4.0,100.0,100.0,100.0,58b40617bde96301b9cf07421cb31627a6737260faf90409db04b7582724f454
egg_candy_air_fryer::wan_2_7__202,egg_candy_air_fryer,1.0,1.0,33.333333333333336,25.0,28.867513459481287,58b40617bde96301b9cf07421cb31627a6737260faf90409db04b7582724f454
egg_candy_air_fryer::seedance_2_0__303,egg_candy_air_fryer,3.0,4.0,100.0,100.0,100.0,58b40617bde96301b9cf07421cb31627a6737260faf90409db04b7582724f454
double_shoe_box::wrong_3,double_shoe_box,2.0,4.0,66.66666666666667,100.0,81.6496580927726,58b40617bde96301b9cf07421cb31627a6737260faf90409db04b7582724f454
double_shoe_box::wrong_2,double_shoe_box,2.0,4.0,66.66666666666667,100.0,81.6496580927726,58b40617bde96301b9cf07421cb31627a6737260faf90409db04b7582724f454
egg_sauce_container::grok_imagine_video_1_5__202,egg_sauce_container,3.0,4.0,100.0,100.0,100.0,58b40617bde96301b9cf07421cb31627a6737260faf90409db04b7582724f454
egg_sauce_container::kling_v3_pro__202,egg_sauce_container,3.0,4.0,100.0,100.0,100.0,58b40617bde96301b9cf07421cb31627a6737260faf90409db04b7582724f454
egg_sauce_container::kling_v3_pro__101,egg_sauce_container,3.0,4.0,100.0,100.0,100.0,58b40617bde96301b9cf07421cb31627a6737260faf90409db04b7582724f454
egg_sauce_container::cosmos_3__202,egg_sauce_container,2.0,4.0,66.66666666666667,100.0,81.6496580927726,58b40617bde96301b9cf07421cb31627a6737260faf90409db04b7582724f454
egg_sauce_container::minimax_h3__101,egg_sauce_container,1.0,4.0,33.333333333333336,100.0,57.735026918962575,58b40617bde96301b9cf07421cb31627a6737260faf90409db04b7582724f454
egg_sauce_container::cosmos_3__101,egg_sauce_container,2.0,4.0,66.66666666666667,100.0,81.6496580927726,58b40617bde96301b9cf07421cb31627a6737260faf90409db04b7582724f454
egg_sauce_container::grok_imagine_video_1_5__303,egg_sauce_container,3.0,4.0,100.0,100.0,100.0,58b40617bde96301b9cf07421cb31627a6737260faf90409db04b7582724f454
egg_sauce_container::wan_2_7__101,egg_sauce_container,3.0,4.0,100.0,100.0,100.0,58b40617bde96301b9cf07421cb31627a6737260faf90409db04b7582724f454
egg_sauce_container::wan_2_7__303,egg_sauce_container,3.0,4.0,100.0,100.0,100.0,58b40617bde96301b9cf07421cb31627a6737260faf90409db04b7582724f454
egg_sauce_container::cosmos_3__303,egg_sauce_container,2.0,4.0,66.66666666666667,100.0,81.6496580927726,58b40617bde96301b9cf07421cb31627a6737260faf90409db04b7582724f454
egg_sauce_container::kling_v3_pro__303,egg_sauce_container,1.0,4.0,33.333333333333336,100.0,57.735026918962575,58b40617bde96301b9cf07421cb31627a6737260faf90409db04b7582724f454
egg_sauce_container::wan_2_7__202,egg_sauce_container,2.0,2.0,66.66666666666667,50.0,57.735026918962575,58b40617bde96301b9cf07421cb31627a6737260faf90409db04b7582724f454
egg_sauce_container::seedance_2_0__303,egg_sauce_container,3.0,4.0,100.0,100.0,100.0,58b40617bde96301b9cf07421cb31627a6737260faf90409db04b7582724f454
egg_sauce_container::seedance_2_0__101,egg_sauce_container,3.0,4.0,100.0,100.0,100.0,58b40617bde96301b9cf07421cb31627a6737260faf90409db04b7582724f454
egg_sauce_container::seedance_2_0__202,egg_sauce_container,3.0,4.0,100.0,100.0,100.0,58b40617bde96301b9cf07421cb31627a6737260faf90409db04b7582724f454
handcuffs_stethoscope::wan_2_7__202,handcuffs_stethoscope,3.0,4.0,100.0,100.0,100.0,58b40617bde96301b9cf07421cb31627a6737260faf90409db04b7582724f454
handcuffs_stethoscope::kling_v3_pro__101,handcuffs_stethoscope,3.0,4.0,100.0,100.0,100.0,58b40617bde96301b9cf07421cb31627a6737260faf90409db04b7582724f454
handcuffs_stethoscope::kling_v3_pro__303,handcuffs_stethoscope,3.0,4.0,100.0,100.0,100.0,58b40617bde96301b9cf07421cb31627a6737260faf90409db04b7582724f454
handcuffs_stethoscope::minimax_h3__101,handcuffs_stethoscope,2.0,4.0,66.66666666666667,100.0,81.6496580927726,58b40617bde96301b9cf07421cb31627a6737260faf90409db04b7582724f454
handcuffs_stethoscope::seedance_2_0__303,handcuffs_stethoscope,3.0,4.0,100.0,100.0,100.0,58b40617bde96301b9cf07421cb31627a6737260faf90409db04b7582724f454
handcuffs_stethoscope::wan_2_7__303,handcuffs_stethoscope,3.0,4.0,100.0,100.0,100.0,58b40617bde96301b9cf07421cb31627a6737260faf90409db04b7582724f454
handcuffs_stethoscope::seedance_2_0__101,handcuffs_stethoscope,3.0,4.0,100.0,100.0,100.0,58b40617bde96301b9cf07421cb31627a6737260faf90409db04b7582724f454
handcuffs_stethoscope::cosmos_3__202,handcuffs_stethoscope,0.0,4.0,0.0,100.0,0.0,58b40617bde96301b9cf07421cb31627a6737260faf90409db04b7582724f454
handcuffs_stethoscope::grok_imagine_video_1_5__202,handcuffs_stethoscope,3.0,4.0,100.0,100.0,100.0,58b40617bde96301b9cf07421cb31627a6737260faf90409db04b7582724f454
handcuffs_stethoscope::seedance_2_0__202,handcuffs_stethoscope,3.0,4.0,100.0,100.0,100.0,58b40617bde96301b9cf07421cb31627a6737260faf90409db04b7582724f454
handcuffs_stethoscope::cosmos_3__303,handcuffs_stethoscope,0.0,4.0,0.0,100.0,0.0,58b40617bde96301b9cf07421cb31627a6737260faf90409db04b7582724f454
handcuffs_stethoscope::grok_imagine_video_1_5__101,handcuffs_stethoscope,3.0,4.0,100.0,100.0,100.0,58b40617bde96301b9cf07421cb31627a6737260faf90409db04b7582724f454
handcuffs_stethoscope::grok_imagine_video_1_5__303,handcuffs_stethoscope,3.0,4.0,100.0,100.0,100.0,58b40617bde96301b9cf07421cb31627a6737260faf90409db04b7582724f454
handcuffs_stethoscope::wrong_2,handcuffs_stethoscope,2.0,4.0,66.66666666666667,100.0,81.6496580927726,58b40617bde96301b9cf07421cb31627a6737260faf90409db04b7582724f454
kendama_can::kling_v3_pro__101,kendama_can,3.0,4.0,100.0,100.0,100.0,58b40617bde96301b9cf07421cb31627a6737260faf90409db04b7582724f454
kendama_can::grok_imagine_video_1_5__101,kendama_can,3.0,4.0,100.0,100.0,100.0,58b40617bde96301b9cf07421cb31627a6737260faf90409db04b7582724f454
kendama_can::kling_v3_pro__202,kendama_can,3.0,2.0,100.0,50.0,70.71067811865476,58b40617bde96301b9cf07421cb31627a6737260faf90409db04b7582724f454
kendama_can::cosmos_3__303,kendama_can,3.0,4.0,100.0,100.0,100.0,58b40617bde96301b9cf07421cb31627a6737260faf90409db04b7582724f454
kendama_can::kling_v3_pro__303,kendama_can,3.0,4.0,100.0,100.0,100.0,58b40617bde96301b9cf07421cb31627a6737260faf90409db04b7582724f454
kendama_can::grok_imagine_video_1_5__202,kendama_can,3.0,4.0,100.0,100.0,100.0,58b40617bde96301b9cf07421cb31627a6737260faf90409db04b7582724f454
kendama_can::minimax_h3__101,kendama_can,3.0,4.0,100.0,100.0,100.0,58b40617bde96301b9cf07421cb31627a6737260faf90409db04b7582724f454
kendama_can::cosmos_3__101,kendama_can,3.0,4.0,100.0,100.0,100.0,58b40617bde96301b9cf07421cb31627a6737260faf90409db04b7582724f454
kendama_can::seedance_2_0__101,kendama_can,3.0,4.0,100.0,100.0,100.0,58b40617bde96301b9cf07421cb31627a6737260faf90409db04b7582724f454
kendama_can::grok_imagine_video_1_5__303,kendama_can,3.0,4.0,100.0,100.0,100.0,58b40617bde96301b9cf07421cb31627a6737260faf90409db04b7582724f454
kendama_can::minimax_h3__303,kendama_can,2.0,4.0,66.66666666666667,100.0,81.6496580927726,58b40617bde96301b9cf07421cb31627a6737260faf90409db04b7582724f454
kendama_can::minimax_h3__202,kendama_can,2.0,4.0,66.66666666666667,100.0,81.6496580927726,58b40617bde96301b9cf07421cb31627a6737260faf90409db04b7582724f454
kendama_can::seedance_2_0__202,kendama_can,3.0,4.0,100.0,100.0,100.0,58b40617bde96301b9cf07421cb31627a6737260faf90409db04b7582724f454
handcuffs_stethoscope::wrong_1,handcuffs_stethoscope,2.0,4.0,66.66666666666667,100.0,81.6496580927726,58b40617bde96301b9cf07421cb31627a6737260faf90409db04b7582724f454
kendama_can::wan_2_7__202,kendama_can,2.0,2.0,66.66666666666667,50.0,57.735026918962575,58b40617bde96301b9cf07421cb31627a6737260faf90409db04b7582724f454
kendama_can::seedance_2_0__303,kendama_can,3.0,4.0,100.0,100.0,100.0,58b40617bde96301b9cf07421cb31627a6737260faf90409db04b7582724f454
kendama_can::wan_2_7__303,kendama_can,3.0,0.0,100.0,0.0,0.0,58b40617bde96301b9cf07421cb31627a6737260faf90409db04b7582724f454
kendama_can::wan_2_7__101,kendama_can,2.0,4.0,66.66666666666667,100.0,81.6496580927726,58b40617bde96301b9cf07421cb31627a6737260faf90409db04b7582724f454
egg_sauce_container::wrong_3,egg_sauce_container,3.0,4.0,100.0,100.0,100.0,58b40617bde96301b9cf07421cb31627a6737260faf90409db04b7582724f454
key_lanyard::wrong_3,key_lanyard,1.0,0.0,33.333333333333336,0.0,0.0,58b40617bde96301b9cf07421cb31627a6737260faf90409db04b7582724f454
key_lanyard::wrong_1,key_lanyard,1.0,4.0,33.333333333333336,100.0,57.735026918962575,58b40617bde96301b9cf07421cb31627a6737260faf90409db04b7582724f454
key_lanyard::wrong_2,key_lanyard,1.0,4.0,33.333333333333336,100.0,57.735026918962575,58b40617bde96301b9cf07421cb31627a6737260faf90409db04b7582724f454
egg_sauce_container::wrong_1,egg_sauce_container,3.0,4.0,100.0,100.0,100.0,58b40617bde96301b9cf07421cb31627a6737260faf90409db04b7582724f454
key_lanyard::cosmos_3__202,key_lanyard,2.0,4.0,66.66666666666667,100.0,81.6496580927726,58b40617bde96301b9cf07421cb31627a6737260faf90409db04b7582724f454
key_lanyard::grok_imagine_video_1_5__202,key_lanyard,2.0,4.0,66.66666666666667,100.0,81.6496580927726,58b40617bde96301b9cf07421cb31627a6737260faf90409db04b7582724f454
key_lanyard::grok_imagine_video_1_5__101,key_lanyard,3.0,4.0,100.0,100.0,100.0,58b40617bde96301b9cf07421cb31627a6737260faf90409db04b7582724f454
key_lanyard::cosmos_3__303,key_lanyard,1.0,4.0,33.333333333333336,100.0,57.735026918962575,58b40617bde96301b9cf07421cb31627a6737260faf90409db04b7582724f454
key_lanyard::cosmos_3__101,key_lanyard,2.0,4.0,66.66666666666667,100.0,81.6496580927726,58b40617bde96301b9cf07421cb31627a6737260faf90409db04b7582724f454
key_lanyard::minimax_h3__101,key_lanyard,2.0,4.0,66.66666666666667,100.0,81.6496580927726,58b40617bde96301b9cf07421cb31627a6737260faf90409db04b7582724f454
kendama_can::wrong_3,kendama_can,2.0,4.0,66.66666666666667,100.0,81.6496580927726,58b40617bde96301b9cf07421cb31627a6737260faf90409db04b7582724f454
key_lanyard::minimax_h3__202,key_lanyard,1.0,4.0,33.333333333333336,100.0,57.735026918962575,58b40617bde96301b9cf07421cb31627a6737260faf90409db04b7582724f454
key_lanyard::kling_v3_pro__101,key_lanyard,0.0,2.0,0.0,50.0,0.0,58b40617bde96301b9cf07421cb31627a6737260faf90409db04b7582724f454
key_lanyard::kling_v3_pro__303,key_lanyard,3.0,3.0,100.0,75.0,86.60254037844386,58b40617bde96301b9cf07421cb31627a6737260faf90409db04b7582724f454
key_lanyard::kling_v3_pro__202,key_lanyard,3.0,4.0,100.0,100.0,100.0,58b40617bde96301b9cf07421cb31627a6737260faf90409db04b7582724f454
key_lanyard::grok_imagine_video_1_5__303,key_lanyard,3.0,4.0,100.0,100.0,100.0,58b40617bde96301b9cf07421cb31627a6737260faf90409db04b7582724f454
kendama_can::wrong_1,kendama_can,3.0,1.0,100.0,25.0,50.0,58b40617bde96301b9cf07421cb31627a6737260faf90409db04b7582724f454
key_lanyard::seedance_2_0__101,key_lanyard,2.0,4.0,66.66666666666667,100.0,81.6496580927726,58b40617bde96301b9cf07421cb31627a6737260faf90409db04b7582724f454
key_lanyard::seedance_2_0__202,key_lanyard,2.0,4.0,66.66666666666667,100.0,81.6496580927726,58b40617bde96301b9cf07421cb31627a6737260faf90409db04b7582724f454
laptop_open::wrong_3,laptop_open,2.0,4.0,66.66666666666667,100.0,81.6496580927726,58b40617bde96301b9cf07421cb31627a6737260faf90409db04b7582724f454
handcuffs_stethoscope::wrong_3,handcuffs_stethoscope,1.0,4.0,33.333333333333336,100.0,57.735026918962575,58b40617bde96301b9cf07421cb31627a6737260faf90409db04b7582724f454
key_lanyard::seedance_2_0__303,key_lanyard,2.0,4.0,66.66666666666667,100.0,81.6496580927726,58b40617bde96301b9cf07421cb31627a6737260faf90409db04b7582724f454
key_lanyard::wan_2_7__202,key_lanyard,0.0,4.0,0.0,100.0,0.0,58b40617bde96301b9cf07421cb31627a6737260faf90409db04b7582724f454
laptop_open::wrong_2,laptop_open,1.0,4.0,33.333333333333336,100.0,57.735026918962575,58b40617bde96301b9cf07421cb31627a6737260faf90409db04b7582724f454
key_lanyard::wan_2_7__101,key_lanyard,1.0,4.0,33.333333333333336,100.0,57.735026918962575,58b40617bde96301b9cf07421cb31627a6737260faf90409db04b7582724f454
kendama_can::wrong_2,kendama_can,2.0,1.0,66.66666666666667,25.0,40.8248290463863,58b40617bde96301b9cf07421cb31627a6737260faf90409db04b7582724f454
key_lanyard::wan_2_7__303,key_lanyard,0.0,4.0,0.0,100.0,0.0,58b40617bde96301b9cf07421cb31627a6737260faf90409db04b7582724f454
laptop_open::grok_imagine_video_1_5__101,laptop_open,3.0,4.0,100.0,100.0,100.0,58b40617bde96301b9cf07421cb31627a6737260faf90409db04b7582724f454
laptop_open::kling_v3_pro__101,laptop_open,3.0,4.0,100.0,100.0,100.0,58b40617bde96301b9cf07421cb31627a6737260faf90409db04b7582724f454
laptop_open::minimax_h3__101,laptop_open,3.0,4.0,100.0,100.0,100.0,58b40617bde96301b9cf07421cb31627a6737260faf90409db04b7582724f454
laptop_open::grok_imagine_video_1_5__303,laptop_open,3.0,4.0,100.0,100.0,100.0,58b40617bde96301b9cf07421cb31627a6737260faf90409db04b7582724f454
laptop_open::cosmos_3__202,laptop_open,1.0,0.0,33.333333333333336,0.0,0.0,58b40617bde96301b9cf07421cb31627a6737260faf90409db04b7582724f454
laptop_open::minimax_h3__202,laptop_open,3.0,4.0,100.0,100.0,100.0,58b40617bde96301b9cf07421cb31627a6737260faf90409db04b7582724f454
laptop_open::kling_v3_pro__303,laptop_open,3.0,4.0,100.0,100.0,100.0,58b40617bde96301b9cf07421cb31627a6737260faf90409db04b7582724f454
laptop_open::kling_v3_pro__202,laptop_open,3.0,4.0,100.0,100.0,100.0,58b40617bde96301b9cf07421cb31627a6737260faf90409db04b7582724f454
laptop_open::grok_imagine_video_1_5__202,laptop_open,2.0,4.0,66.66666666666667,100.0,81.6496580927726,58b40617bde96301b9cf07421cb31627a6737260faf90409db04b7582724f454
laptop_open::minimax_h3__303,laptop_open,3.0,4.0,100.0,100.0,100.0,58b40617bde96301b9cf07421cb31627a6737260faf90409db04b7582724f454
laptop_open::cosmos_3__303,laptop_open,3.0,4.0,100.0,100.0,100.0,58b40617bde96301b9cf07421cb31627a6737260faf90409db04b7582724f454
laptop_open::cosmos_3__101,laptop_open,2.0,4.0,66.66666666666667,100.0,81.6496580927726,58b40617bde96301b9cf07421cb31627a6737260faf90409db04b7582724f454
laptop_open::wan_2_7__202,laptop_open,3.0,4.0,100.0,100.0,100.0,58b40617bde96301b9cf07421cb31627a6737260faf90409db04b7582724f454
laptop_open::seedance_2_0__101,laptop_open,2.0,4.0,66.66666666666667,100.0,81.6496580927726,58b40617bde96301b9cf07421cb31627a6737260faf90409db04b7582724f454
laptop_open::wan_2_7__303,laptop_open,3.0,4.0,100.0,100.0,100.0,58b40617bde96301b9cf07421cb31627a6737260faf90409db04b7582724f454
laptop_open::seedance_2_0__303,laptop_open,3.0,4.0,100.0,100.0,100.0,58b40617bde96301b9cf07421cb31627a6737260faf90409db04b7582724f454
laptop_open::wan_2_7__101,laptop_open,3.0,4.0,100.0,100.0,100.0,58b40617bde96301b9cf07421cb31627a6737260faf90409db04b7582724f454
laptop_open::seedance_2_0__202,laptop_open,3.0,4.0,100.0,100.0,100.0,58b40617bde96301b9cf07421cb31627a6737260faf90409db04b7582724f454
line_marker_calculator::kling_v3_pro__101,line_marker_calculator,3.0,4.0,100.0,100.0,100.0,58b40617bde96301b9cf07421cb31627a6737260faf90409db04b7582724f454
line_marker_calculator::kling_v3_pro__202,line_marker_calculator,2.0,4.0,66.66666666666667,100.0,81.6496580927726,58b40617bde96301b9cf07421cb31627a6737260faf90409db04b7582724f454
line_marker_calculator::minimax_h3__101,line_marker_calculator,3.0,4.0,100.0,100.0,100.0,58b40617bde96301b9cf07421cb31627a6737260faf90409db04b7582724f454
line_marker_calculator::kling_v3_pro__303,line_marker_calculator,3.0,4.0,100.0,100.0,100.0,58b40617bde96301b9cf07421cb31627a6737260faf90409db04b7582724f454
line_marker_calculator::grok_imagine_video_1_5__101,line_marker_calculator,3.0,4.0,100.0,100.0,100.0,58b40617bde96301b9cf07421cb31627a6737260faf90409db04b7582724f454
line_marker_calculator::cosmos_3__202,line_marker_calculator,3.0,4.0,100.0,100.0,100.0,58b40617bde96301b9cf07421cb31627a6737260faf90409db04b7582724f454
line_marker_calculator::seedance_2_0__101,line_marker_calculator,3.0,4.0,100.0,100.0,100.0,58b40617bde96301b9cf07421cb31627a6737260faf90409db04b7582724f454
line_marker_calculator::grok_imagine_video_1_5__202,line_marker_calculator,3.0,4.0,100.0,100.0,100.0,58b40617bde96301b9cf07421cb31627a6737260faf90409db04b7582724f454
line_marker_calculator::grok_imagine_video_1_5__303,line_marker_calculator,3.0,4.0,100.0,100.0,100.0,58b40617bde96301b9cf07421cb31627a6737260faf90409db04b7582724f454
line_marker_calculator::minimax_h3__202,line_marker_calculator,1.0,1.0,33.333333333333336,25.0,28.867513459481287,58b40617bde96301b9cf07421cb31627a6737260faf90409db04b7582724f454
line_marker_calculator::seedance_2_0__202,line_marker_calculator,3.0,4.0,100.0,100.0,100.0,58b40617bde96301b9cf07421cb31627a6737260faf90409db04b7582724f454
line_marker_calculator::wan_2_7__202,line_marker_calculator,3.0,0.0,100.0,0.0,0.0,58b40617bde96301b9cf07421cb31627a6737260faf90409db04b7582724f454
line_marker_calculator::wan_2_7__303,line_marker_calculator,3.0,4.0,100.0,100.0,100.0,58b40617bde96301b9cf07421cb31627a6737260faf90409db04b7582724f454
line_marker_calculator::wan_2_7__101,line_marker_calculator,3.0,1.0,100.0,25.0,50.0,58b40617bde96301b9cf07421cb31627a6737260faf90409db04b7582724f454
line_marker_calculator::cosmos_3__303,line_marker_calculator,3.0,0.0,100.0,0.0,0.0,58b40617bde96301b9cf07421cb31627a6737260faf90409db04b7582724f454
line_marker_calculator::wrong_2,line_marker_calculator,2.0,4.0,66.66666666666667,100.0,81.6496580927726,58b40617bde96301b9cf07421cb31627a6737260faf90409db04b7582724f454
paper_binder_book::grok_imagine_video_1_5__303,paper_binder_book,3.0,4.0,100.0,100.0,100.0,58b40617bde96301b9cf07421cb31627a6737260faf90409db04b7582724f454
line_marker_calculator::wrong_1,line_marker_calculator,3.0,4.0,100.0,100.0,100.0,58b40617bde96301b9cf07421cb31627a6737260faf90409db04b7582724f454
paper_binder_book::wan_2_7__303,paper_binder_book,3.0,4.0,100.0,100.0,100.0,58b40617bde96301b9cf07421cb31627a6737260faf90409db04b7582724f454
paper_binder_book::grok_imagine_video_1_5__202,paper_binder_book,2.0,4.0,66.66666666666667,100.0,81.6496580927726,58b40617bde96301b9cf07421cb31627a6737260faf90409db04b7582724f454
paper_binder_book::grok_imagine_video_1_5__101,paper_binder_book,3.0,4.0,100.0,100.0,100.0,58b40617bde96301b9cf07421cb31627a6737260faf90409db04b7582724f454
paper_binder_book::wan_2_7__101,paper_binder_book,3.0,4.0,100.0,100.0,100.0,58b40617bde96301b9cf07421cb31627a6737260faf90409db04b7582724f454
paper_binder_book::cosmos_3__101,paper_binder_book,1.0,4.0,33.333333333333336,100.0,57.735026918962575,58b40617bde96301b9cf07421cb31627a6737260faf90409db04b7582724f454
paper_binder_book::seedance_2_0__101,paper_binder_book,3.0,4.0,100.0,100.0,100.0,58b40617bde96301b9cf07421cb31627a6737260faf90409db04b7582724f454
paper_binder_book::kling_v3_pro__303,paper_binder_book,3.0,4.0,100.0,100.0,100.0,58b40617bde96301b9cf07421cb31627a6737260faf90409db04b7582724f454
paper_binder_book::wan_2_7__202,paper_binder_book,3.0,4.0,100.0,100.0,100.0,58b40617bde96301b9cf07421cb31627a6737260faf90409db04b7582724f454
paper_binder_book::kling_v3_pro__202,paper_binder_book,3.0,4.0,100.0,100.0,100.0,58b40617bde96301b9cf07421cb31627a6737260faf90409db04b7582724f454
paper_binder_book::seedance_2_0__303,paper_binder_book,3.0,4.0,100.0,100.0,100.0,58b40617bde96301b9cf07421cb31627a6737260faf90409db04b7582724f454
paper_binder_book::seedance_2_0__202,paper_binder_book,3.0,4.0,100.0,100.0,100.0,58b40617bde96301b9cf07421cb31627a6737260faf90409db04b7582724f454
paper_binder_book::wrong_1,paper_binder_book,2.0,4.0,66.66666666666667,100.0,81.6496580927726,58b40617bde96301b9cf07421cb31627a6737260faf90409db04b7582724f454
paper_binder_book::cosmos_3__202,paper_binder_book,1.0,4.0,33.333333333333336,100.0,57.735026918962575,58b40617bde96301b9cf07421cb31627a6737260faf90409db04b7582724f454
paper_binder_book::cosmos_3__303,paper_binder_book,2.0,4.0,66.66666666666667,100.0,81.6496580927726,58b40617bde96301b9cf07421cb31627a6737260faf90409db04b7582724f454
paper_binder_book::minimax_h3__101,paper_binder_book,1.0,4.0,33.333333333333336,100.0,57.735026918962575,58b40617bde96301b9cf07421cb31627a6737260faf90409db04b7582724f454
paper_binder_book::wrong_3,paper_binder_book,3.0,4.0,100.0,100.0,100.0,58b40617bde96301b9cf07421cb31627a6737260faf90409db04b7582724f454
racket_backpack::wrong_3,racket_backpack,2.0,4.0,66.66666666666667,100.0,81.6496580927726,58b40617bde96301b9cf07421cb31627a6737260faf90409db04b7582724f454
racket_backpack::cosmos_3__303,racket_backpack,0.0,4.0,0.0,100.0,0.0,58b40617bde96301b9cf07421cb31627a6737260faf90409db04b7582724f454
racket_backpack::cosmos_3__101,racket_backpack,0.0,4.0,0.0,100.0,0.0,58b40617bde96301b9cf07421cb31627a6737260faf90409db04b7582724f454
line_marker_calculator::wrong_3,line_marker_calculator,0.0,4.0,0.0,100.0,0.0,58b40617bde96301b9cf07421cb31627a6737260faf90409db04b7582724f454
racket_backpack::wan_2_7__202,racket_backpack,3.0,4.0,100.0,100.0,100.0,58b40617bde96301b9cf07421cb31627a6737260faf90409db04b7582724f454
racket_backpack::minimax_h3__101,racket_backpack,2.0,4.0,66.66666666666667,100.0,81.6496580927726,58b40617bde96301b9cf07421cb31627a6737260faf90409db04b7582724f454
racket_backpack::grok_imagine_video_1_5__101,racket_backpack,3.0,4.0,100.0,100.0,100.0,58b40617bde96301b9cf07421cb31627a6737260faf90409db04b7582724f454
racket_backpack::wan_2_7__303,racket_backpack,2.0,4.0,66.66666666666667,100.0,81.6496580927726,58b40617bde96301b9cf07421cb31627a6737260faf90409db04b7582724f454
racket_backpack::seedance_2_0__303,racket_backpack,3.0,4.0,100.0,100.0,100.0,58b40617bde96301b9cf07421cb31627a6737260faf90409db04b7582724f454
racket_backpack::wan_2_7__101,racket_backpack,3.0,4.0,100.0,100.0,100.0,58b40617bde96301b9cf07421cb31627a6737260faf90409db04b7582724f454
racket_backpack::grok_imagine_video_1_5__202,racket_backpack,3.0,4.0,100.0,100.0,100.0,58b40617bde96301b9cf07421cb31627a6737260faf90409db04b7582724f454
racket_backpack::seedance_2_0__101,racket_backpack,3.0,4.0,100.0,100.0,100.0,58b40617bde96301b9cf07421cb31627a6737260faf90409db04b7582724f454
racket_backpack::kling_v3_pro__101,racket_backpack,3.0,4.0,100.0,100.0,100.0,58b40617bde96301b9cf07421cb31627a6737260faf90409db04b7582724f454
racket_backpack::seedance_2_0__202,racket_backpack,3.0,4.0,100.0,100.0,100.0,58b40617bde96301b9cf07421cb31627a6737260faf90409db04b7582724f454
racket_backpack::kling_v3_pro__303,racket_backpack,3.0,4.0,100.0,100.0,100.0,58b40617bde96301b9cf07421cb31627a6737260faf90409db04b7582724f454
racket_backpack::kling_v3_pro__202,racket_backpack,3.0,4.0,100.0,100.0,100.0,58b40617bde96301b9cf07421cb31627a6737260faf90409db04b7582724f454
racket_backpack::grok_imagine_video_1_5__303,racket_backpack,3.0,4.0,100.0,100.0,100.0,58b40617bde96301b9cf07421cb31627a6737260faf90409db04b7582724f454
racket_backpack::wrong_2,racket_backpack,2.0,4.0,66.66666666666667,100.0,81.6496580927726,58b40617bde96301b9cf07421cb31627a6737260faf90409db04b7582724f454
remote_marker_stand::cosmos_3__202,remote_marker_stand,3.0,1.0,100.0,25.0,50.0,58b40617bde96301b9cf07421cb31627a6737260faf90409db04b7582724f454
remote_marker_stand::kling_v3_pro__202,remote_marker_stand,3.0,4.0,100.0,100.0,100.0,58b40617bde96301b9cf07421cb31627a6737260faf90409db04b7582724f454
remote_marker_stand::kling_v3_pro__303,remote_marker_stand,1.0,4.0,33.333333333333336,100.0,57.735026918962575,58b40617bde96301b9cf07421cb31627a6737260faf90409db04b7582724f454
remote_marker_stand::cosmos_3__101,remote_marker_stand,0.0,1.0,0.0,25.0,0.0,58b40617bde96301b9cf07421cb31627a6737260faf90409db04b7582724f454
remote_marker_stand::kling_v3_pro__101,remote_marker_stand,0.0,4.0,0.0,100.0,0.0,58b40617bde96301b9cf07421cb31627a6737260faf90409db04b7582724f454
remote_marker_stand::wan_2_7__202,remote_marker_stand,3.0,4.0,100.0,100.0,100.0,58b40617bde96301b9cf07421cb31627a6737260faf90409db04b7582724f454
remote_marker_stand::wan_2_7__101,remote_marker_stand,3.0,4.0,100.0,100.0,100.0,58b40617bde96301b9cf07421cb31627a6737260faf90409db04b7582724f454
remote_marker_stand::grok_imagine_video_1_5__101,remote_marker_stand,3.0,4.0,100.0,100.0,100.0,58b40617bde96301b9cf07421cb31627a6737260faf90409db04b7582724f454
remote_marker_stand::minimax_h3__101,remote_marker_stand,3.0,4.0,100.0,100.0,100.0,58b40617bde96301b9cf07421cb31627a6737260faf90409db04b7582724f454
remote_marker_stand::minimax_h3__303,remote_marker_stand,3.0,4.0,100.0,100.0,100.0,58b40617bde96301b9cf07421cb31627a6737260faf90409db04b7582724f454
remote_marker_stand::wan_2_7__303,remote_marker_stand,3.0,4.0,100.0,100.0,100.0,58b40617bde96301b9cf07421cb31627a6737260faf90409db04b7582724f454
remote_marker_stand::cosmos_3__303,remote_marker_stand,2.0,1.0,66.66666666666667,25.0,40.8248290463863,58b40617bde96301b9cf07421cb31627a6737260faf90409db04b7582724f454
remote_marker_stand::grok_imagine_video_1_5__303,remote_marker_stand,3.0,4.0,100.0,100.0,100.0,58b40617bde96301b9cf07421cb31627a6737260faf90409db04b7582724f454
remote_marker_stand::seedance_2_0__303,remote_marker_stand,3.0,4.0,100.0,100.0,100.0,58b40617bde96301b9cf07421cb31627a6737260faf90409db04b7582724f454
remote_marker_stand::minimax_h3__202,remote_marker_stand,3.0,4.0,100.0,100.0,100.0,58b40617bde96301b9cf07421cb31627a6737260faf90409db04b7582724f454
sanitary_face_wash::wrong_2,sanitary_face_wash,3.0,4.0,100.0,100.0,100.0,58b40617bde96301b9cf07421cb31627a6737260faf90409db04b7582724f454
sanitary_face_wash::cosmos_3__202,sanitary_face_wash,1.0,4.0,33.333333333333336,100.0,57.735026918962575,58b40617bde96301b9cf07421cb31627a6737260faf90409db04b7582724f454
sanitary_face_wash::minimax_h3__101,sanitary_face_wash,3.0,4.0,100.0,100.0,100.0,58b40617bde96301b9cf07421cb31627a6737260faf90409db04b7582724f454
sanitary_face_wash::kling_v3_pro__202,sanitary_face_wash,3.0,4.0,100.0,100.0,100.0,58b40617bde96301b9cf07421cb31627a6737260faf90409db04b7582724f454
sanitary_face_wash::wan_2_7__101,sanitary_face_wash,3.0,4.0,100.0,100.0,100.0,58b40617bde96301b9cf07421cb31627a6737260faf90409db04b7582724f454
sanitary_face_wash::wan_2_7__202,sanitary_face_wash,3.0,4.0,100.0,100.0,100.0,58b40617bde96301b9cf07421cb31627a6737260faf90409db04b7582724f454
sanitary_face_wash::minimax_h3__303,sanitary_face_wash,3.0,4.0,100.0,100.0,100.0,58b40617bde96301b9cf07421cb31627a6737260faf90409db04b7582724f454
sock_bucket::wrong_3,sock_bucket,3.0,1.0,100.0,25.0,50.0,58b40617bde96301b9cf07421cb31627a6737260faf90409db04b7582724f454
sanitary_face_wash::wan_2_7__303,sanitary_face_wash,3.0,4.0,100.0,100.0,100.0,58b40617bde96301b9cf07421cb31627a6737260faf90409db04b7582724f454
sanitary_face_wash::minimax_h3__202,sanitary_face_wash,3.0,4.0,100.0,100.0,100.0,58b40617bde96301b9cf07421cb31627a6737260faf90409db04b7582724f454
sock_bucket::wrong_2,sock_bucket,1.0,4.0,33.333333333333336,100.0,57.735026918962575,58b40617bde96301b9cf07421cb31627a6737260faf90409db04b7582724f454
sanitary_face_wash::seedance_2_0__202,sanitary_face_wash,3.0,4.0,100.0,100.0,100.0,58b40617bde96301b9cf07421cb31627a6737260faf90409db04b7582724f454
sanitary_face_wash::cosmos_3__303,sanitary_face_wash,2.0,4.0,66.66666666666667,100.0,81.6496580927726,58b40617bde96301b9cf07421cb31627a6737260faf90409db04b7582724f454
sanitary_face_wash::grok_imagine_video_1_5__202,sanitary_face_wash,2.0,4.0,66.66666666666667,100.0,81.6496580927726,58b40617bde96301b9cf07421cb31627a6737260faf90409db04b7582724f454
sock_bucket::wrong_1,sock_bucket,3.0,4.0,100.0,100.0,100.0,58b40617bde96301b9cf07421cb31627a6737260faf90409db04b7582724f454
remote_marker_stand::wrong_1,remote_marker_stand,2.0,4.0,66.66666666666667,100.0,81.6496580927726,58b40617bde96301b9cf07421cb31627a6737260faf90409db04b7582724f454
sock_bucket::cosmos_3__202,sock_bucket,1.0,4.0,33.333333333333336,100.0,57.735026918962575,58b40617bde96301b9cf07421cb31627a6737260faf90409db04b7582724f454
sock_bucket::cosmos_3__101,sock_bucket,1.0,4.0,33.333333333333336,100.0,57.735026918962575,58b40617bde96301b9cf07421cb31627a6737260faf90409db04b7582724f454
sock_bucket::cosmos_3__303,sock_bucket,1.0,4.0,33.333333333333336,100.0,57.735026918962575,58b40617bde96301b9cf07421cb31627a6737260faf90409db04b7582724f454
sock_bucket::grok_imagine_video_1_5__101,sock_bucket,3.0,4.0,100.0,100.0,100.0,58b40617bde96301b9cf07421cb31627a6737260faf90409db04b7582724f454
sock_bucket::kling_v3_pro__101,sock_bucket,3.0,4.0,100.0,100.0,100.0,58b40617bde96301b9cf07421cb31627a6737260faf90409db04b7582724f454
sock_bucket::grok_imagine_video_1_5__303,sock_bucket,3.0,4.0,100.0,100.0,100.0,58b40617bde96301b9cf07421cb31627a6737260faf90409db04b7582724f454
sock_bucket::minimax_h3__202,sock_bucket,0.0,4.0,0.0,100.0,0.0,58b40617bde96301b9cf07421cb31627a6737260faf90409db04b7582724f454
sock_bucket::kling_v3_pro__202,sock_bucket,3.0,4.0,100.0,100.0,100.0,58b40617bde96301b9cf07421cb31627a6737260faf90409db04b7582724f454
sock_bucket::minimax_h3__303,sock_bucket,0.0,4.0,0.0,100.0,0.0,58b40617bde96301b9cf07421cb31627a6737260faf90409db04b7582724f454
sock_bucket::seedance_2_0__303,sock_bucket,3.0,4.0,100.0,100.0,100.0,58b40617bde96301b9cf07421cb31627a6737260faf90409db04b7582724f454
remote_marker_stand::wrong_2,remote_marker_stand,2.0,4.0,66.66666666666667,100.0,81.6496580927726,58b40617bde96301b9cf07421cb31627a6737260faf90409db04b7582724f454
sock_bucket::seedance_2_0__101,sock_bucket,3.0,4.0,100.0,100.0,100.0,58b40617bde96301b9cf07421cb31627a6737260faf90409db04b7582724f454
sock_bucket::kling_v3_pro__303,sock_bucket,3.0,4.0,100.0,100.0,100.0,58b40617bde96301b9cf07421cb31627a6737260faf90409db04b7582724f454
sock_bucket::wan_2_7__303,sock_bucket,3.0,4.0,100.0,100.0,100.0,58b40617bde96301b9cf07421cb31627a6737260faf90409db04b7582724f454
sock_bucket::grok_imagine_video_1_5__202,sock_bucket,3.0,4.0,100.0,100.0,100.0,58b40617bde96301b9cf07421cb31627a6737260faf90409db04b7582724f454
sock_bucket::wan_2_7__202,sock_bucket,1.0,4.0,33.333333333333336,100.0,57.735026918962575,58b40617bde96301b9cf07421cb31627a6737260faf90409db04b7582724f454
sock_bucket::minimax_h3__101,sock_bucket,3.0,4.0,100.0,100.0,100.0,58b40617bde96301b9cf07421cb31627a6737260faf90409db04b7582724f454
stack_blocks::wrong_1,stack_blocks,3.0,4.0,100.0,100.0,100.0,58b40617bde96301b9cf07421cb31627a6737260faf90409db04b7582724f454
sock_bucket::seedance_2_0__202,sock_bucket,3.0,4.0,100.0,100.0,100.0,58b40617bde96301b9cf07421cb31627a6737260faf90409db04b7582724f454
stack_blocks::wrong_2,stack_blocks,1.0,4.0,33.333333333333336,100.0,57.735026918962575,58b40617bde96301b9cf07421cb31627a6737260faf90409db04b7582724f454
stack_blocks::wrong_3,stack_blocks,3.0,4.0,100.0,100.0,100.0,58b40617bde96301b9cf07421cb31627a6737260faf90409db04b7582724f454
stack_blocks::cosmos_3__101,stack_blocks,0.0,4.0,0.0,100.0,0.0,58b40617bde96301b9cf07421cb31627a6737260faf90409db04b7582724f454
stack_blocks::cosmos_3__202,stack_blocks,2.0,4.0,66.66666666666667,100.0,81.6496580927726,58b40617bde96301b9cf07421cb31627a6737260faf90409db04b7582724f454
stack_blocks::minimax_h3__202,stack_blocks,2.0,4.0,66.66666666666667,100.0,81.6496580927726,58b40617bde96301b9cf07421cb31627a6737260faf90409db04b7582724f454
stack_blocks::cosmos_3__303,stack_blocks,0.0,4.0,0.0,100.0,0.0,58b40617bde96301b9cf07421cb31627a6737260faf90409db04b7582724f454
stack_blocks::grok_imagine_video_1_5__101,stack_blocks,2.0,4.0,66.66666666666667,100.0,81.6496580927726,58b40617bde96301b9cf07421cb31627a6737260faf90409db04b7582724f454
stack_blocks::wan_2_7__202,stack_blocks,3.0,4.0,100.0,100.0,100.0,58b40617bde96301b9cf07421cb31627a6737260faf90409db04b7582724f454
stack_blocks::grok_imagine_video_1_5__202,stack_blocks,3.0,4.0,100.0,100.0,100.0,58b40617bde96301b9cf07421cb31627a6737260faf90409db04b7582724f454
stack_blocks::wan_2_7__101,stack_blocks,3.0,4.0,100.0,100.0,100.0,58b40617bde96301b9cf07421cb31627a6737260faf90409db04b7582724f454
stack_blocks::minimax_h3__101,stack_blocks,2.0,4.0,66.66666666666667,100.0,81.6496580927726,58b40617bde96301b9cf07421cb31627a6737260faf90409db04b7582724f454
stack_blocks::grok_imagine_video_1_5__303,stack_blocks,3.0,4.0,100.0,100.0,100.0,58b40617bde96301b9cf07421cb31627a6737260faf90409db04b7582724f454
stack_blocks::seedance_2_0__303,stack_blocks,3.0,4.0,100.0,100.0,100.0,58b40617bde96301b9cf07421cb31627a6737260faf90409db04b7582724f454
stack_blocks::seedance_2_0__202,stack_blocks,3.0,4.0,100.0,100.0,100.0,58b40617bde96301b9cf07421cb31627a6737260faf90409db04b7582724f454
stack_blocks::wan_2_7__303,stack_blocks,2.0,4.0,66.66666666666667,100.0,81.6496580927726,58b40617bde96301b9cf07421cb31627a6737260faf90409db04b7582724f454
stack_blocks::kling_v3_pro__101,stack_blocks,2.0,4.0,66.66666666666667,100.0,81.6496580927726,58b40617bde96301b9cf07421cb31627a6737260faf90409db04b7582724f454
toothbrush_case::cosmos_3__202,toothbrush_case,0.0,0.0,0.0,0.0,0.0,58b40617bde96301b9cf07421cb31627a6737260faf90409db04b7582724f454
toothbrush_case::cosmos_3__101,toothbrush_case,1.0,0.0,33.333333333333336,0.0,0.0,58b40617bde96301b9cf07421cb31627a6737260faf90409db04b7582724f454
remote_marker_stand::wrong_3,remote_marker_stand,2.0,4.0,66.66666666666667,100.0,81.6496580927726,58b40617bde96301b9cf07421cb31627a6737260faf90409db04b7582724f454
toothbrush_case::grok_imagine_video_1_5__101,toothbrush_case,1.0,4.0,33.333333333333336,100.0,57.735026918962575,58b40617bde96301b9cf07421cb31627a6737260faf90409db04b7582724f454
toothbrush_case::wrong_1,toothbrush_case,2.0,4.0,66.66666666666667,100.0,81.6496580927726,58b40617bde96301b9cf07421cb31627a6737260faf90409db04b7582724f454
toothbrush_case::cosmos_3__303,toothbrush_case,3.0,0.0,100.0,0.0,0.0,58b40617bde96301b9cf07421cb31627a6737260faf90409db04b7582724f454
toothbrush_case::grok_imagine_video_1_5__202,toothbrush_case,2.0,4.0,66.66666666666667,100.0,81.6496580927726,58b40617bde96301b9cf07421cb31627a6737260faf90409db04b7582724f454
toothbrush_case::kling_v3_pro__101,toothbrush_case,1.0,4.0,33.333333333333336,100.0,57.735026918962575,58b40617bde96301b9cf07421cb31627a6737260faf90409db04b7582724f454
toothbrush_case::grok_imagine_video_1_5__303,toothbrush_case,3.0,4.0,100.0,100.0,100.0,58b40617bde96301b9cf07421cb31627a6737260faf90409db04b7582724f454
toothbrush_case::minimax_h3__303,toothbrush_case,3.0,4.0,100.0,100.0,100.0,58b40617bde96301b9cf07421cb31627a6737260faf90409db04b7582724f454
toothbrush_case::kling_v3_pro__202,toothbrush_case,3.0,4.0,100.0,100.0,100.0,58b40617bde96301b9cf07421cb31627a6737260faf90409db04b7582724f454
toothbrush_case::minimax_h3__202,toothbrush_case,2.0,4.0,66.66666666666667,100.0,81.6496580927726,58b40617bde96301b9cf07421cb31627a6737260faf90409db04b7582724f454
toothbrush_case::kling_v3_pro__303,toothbrush_case,0.0,4.0,0.0,100.0,0.0,58b40617bde96301b9cf07421cb31627a6737260faf90409db04b7582724f454
toothbrush_case::minimax_h3__101,toothbrush_case,1.0,3.0,33.333333333333336,75.0,50.0,58b40617bde96301b9cf07421cb31627a6737260faf90409db04b7582724f454
toothbrush_case::seedance_2_0__101,toothbrush_case,3.0,4.0,100.0,100.0,100.0,58b40617bde96301b9cf07421cb31627a6737260faf90409db04b7582724f454
toothbrush_case::wan_2_7__101,toothbrush_case,3.0,4.0,100.0,100.0,100.0,58b40617bde96301b9cf07421cb31627a6737260faf90409db04b7582724f454
toothbrush_case::seedance_2_0__202,toothbrush_case,2.0,4.0,66.66666666666667,100.0,81.6496580927726,58b40617bde96301b9cf07421cb31627a6737260faf90409db04b7582724f454
toothbrush_case::wrong_3,toothbrush_case,3.0,4.0,100.0,100.0,100.0,58b40617bde96301b9cf07421cb31627a6737260faf90409db04b7582724f454
toothbrush_case::wan_2_7__303,toothbrush_case,3.0,4.0,100.0,100.0,100.0,58b40617bde96301b9cf07421cb31627a6737260faf90409db04b7582724f454
toothbrush_case::wan_2_7__202,toothbrush_case,3.0,4.0,100.0,100.0,100.0,58b40617bde96301b9cf07421cb31627a6737260faf90409db04b7582724f454
toothbrush_case::seedance_2_0__303,toothbrush_case,3.0,4.0,100.0,100.0,100.0,58b40617bde96301b9cf07421cb31627a6737260faf90409db04b7582724f454
toothbrush_case::wrong_2,toothbrush_case,2.0,4.0,66.66666666666667,100.0,81.6496580927726,58b40617bde96301b9cf07421cb31627a6737260faf90409db04b7582724f454
toothpaste_water::wrong_2,toothpaste_water,0.0,4.0,0.0,100.0,0.0,58b40617bde96301b9cf07421cb31627a6737260faf90409db04b7582724f454
toothpaste_water::wrong_1,toothpaste_water,1.0,4.0,33.333333333333336,100.0,57.735026918962575,58b40617bde96301b9cf07421cb31627a6737260faf90409db04b7582724f454
toothpaste_water::wrong_3,toothpaste_water,0.0,4.0,0.0,100.0,0.0,58b40617bde96301b9cf07421cb31627a6737260faf90409db04b7582724f454
toothpaste_water::cosmos_3__202,toothpaste_water,1.0,4.0,33.333333333333336,100.0,57.735026918962575,58b40617bde96301b9cf07421cb31627a6737260faf90409db04b7582724f454
toothpaste_water::minimax_h3__101,toothpaste_water,2.0,0.0,66.66666666666667,0.0,0.0,58b40617bde96301b9cf07421cb31627a6737260faf90409db04b7582724f454
toothpaste_water::minimax_h3__303,toothpaste_water,1.0,,33.333333333333336,,,58b40617bde96301b9cf07421cb31627a6737260faf90409db04b7582724f454
toothpaste_water::cosmos_3__101,toothpaste_water,2.0,4.0,66.66666666666667,100.0,81.6496580927726,58b40617bde96301b9cf07421cb31627a6737260faf90409db04b7582724f454
toothpaste_water::kling_v3_pro__101,toothpaste_water,2.0,2.0,66.66666666666667,50.0,57.735026918962575,58b40617bde96301b9cf07421cb31627a6737260faf90409db04b7582724f454
toothpaste_water::grok_imagine_video_1_5__202,toothpaste_water,2.0,4.0,66.66666666666667,100.0,81.6496580927726,58b40617bde96301b9cf07421cb31627a6737260faf90409db04b7582724f454
toothpaste_water::kling_v3_pro__202,toothpaste_water,2.0,2.0,66.66666666666667,50.0,57.735026918962575,58b40617bde96301b9cf07421cb31627a6737260faf90409db04b7582724f454
toothpaste_water::minimax_h3__202,toothpaste_water,0.0,4.0,0.0,100.0,0.0,58b40617bde96301b9cf07421cb31627a6737260faf90409db04b7582724f454
toothpaste_water::kling_v3_pro__303,toothpaste_water,2.0,1.0,66.66666666666667,25.0,40.8248290463863,58b40617bde96301b9cf07421cb31627a6737260faf90409db04b7582724f454
toothpaste_water::wan_2_7__202,toothpaste_water,3.0,4.0,100.0,100.0,100.0,58b40617bde96301b9cf07421cb31627a6737260faf90409db04b7582724f454
toothpaste_water::wan_2_7__101,toothpaste_water,2.0,1.0,66.66666666666667,25.0,40.8248290463863,58b40617bde96301b9cf07421cb31627a6737260faf90409db04b7582724f454
toothpaste_water::cosmos_3__303,toothpaste_water,1.0,4.0,33.333333333333336,100.0,57.735026918962575,58b40617bde96301b9cf07421cb31627a6737260faf90409db04b7582724f454
toothpaste_water::wan_2_7__303,toothpaste_water,2.0,4.0,66.66666666666667,100.0,81.6496580927726,58b40617bde96301b9cf07421cb31627a6737260faf90409db04b7582724f454
toothpaste_water::grok_imagine_video_1_5__101,toothpaste_water,3.0,4.0,100.0,100.0,100.0,58b40617bde96301b9cf07421cb31627a6737260faf90409db04b7582724f454
toothpaste_water::grok_imagine_video_1_5__303,toothpaste_water,2.0,4.0,66.66666666666667,100.0,81.6496580927726,58b40617bde96301b9cf07421cb31627a6737260faf90409db04b7582724f454
toothpaste_water::seedance_2_0__202,toothpaste_water,3.0,4.0,100.0,100.0,100.0,58b40617bde96301b9cf07421cb31627a6737260faf90409db04b7582724f454
toothpaste_water::seedance_2_0__303,toothpaste_water,3.0,4.0,100.0,100.0,100.0,58b40617bde96301b9cf07421cb31627a6737260faf90409db04b7582724f454
toothpaste_water::seedance_2_0__101,toothpaste_water,3.0,4.0,100.0,100.0,100.0,58b40617bde96301b9cf07421cb31627a6737260faf90409db04b7582724f454
