video_id,case_id,recording_id,domain,variant,edit_start_s,edit_end_s,task100,physics100,final100,physics_windows,physics_first_failed_gate,sampled_frames_in_edit,inspected_edit,task_status,physics_status,cost_usd,status
plastic_trash_bin::correct_2::clean,plastic_trash_bin,plastic_trash_bin::correct_2,Household Org/Storage,clean,,,100.0,100.0,100.0,"{""S1"": 4, ""S2"": 4, ""S3"": 4, ""S4"": 4}",S1:pass;S2:pass;S3:pass;S4:pass,,,ok,ok,0.03227,ok
plastic_trash_bin::correct_2::teleport,plastic_trash_bin,plastic_trash_bin::correct_2,Household Org/Storage,teleport,8.942,10.444,100.0,100.0,100.0,"{""S1"": 4, ""S2"": 4, ""S3"": 4, ""S4"": 4}",S1:pass;S2:pass;S3:pass;S4:pass,2,0,ok,ok,0.03284,ok
plastic_trash_bin::correct_2::swap,plastic_trash_bin,plastic_trash_bin::correct_2,Household Org/Storage,swap,8.208,11.195,100.0,100.0,100.0,"{""S1"": 4, ""S2"": 4, ""S3"": 4, ""S4"": 4}",S1:pass;S2:pass;S3:pass;S4:pass,5,0,ok,ok,0.03034,ok
plastic_trash_bin::correct_2::ghost,plastic_trash_bin,plastic_trash_bin::correct_2,Household Org/Storage,ghost,8.692,10.694,100.0,100.0,100.0,"{""S1"": 4, ""S2"": 4, ""S3"": 4, ""S4"": 4}",S1:pass;S2:pass;S3:pass;S4:pass,3,0,ok,ok,0.03169,ok
broccoli_tofu_chicken::correct_3::clean,broccoli_tofu_chicken,broccoli_tofu_chicken::correct_3,Kitchen/Food Prep,clean,,,91.66666666666667,,,{},,,,ok,unresolved,0.03143,task_ok|physics_unresolved
broccoli_tofu_chicken::correct_3::teleport,broccoli_tofu_chicken,broccoli_tofu_chicken::correct_3,Kitchen/Food Prep,teleport,4.65,6.15,83.33333333333333,93.75,88.38834764831844,"{""S1"": 4, ""S2"": 4, ""S3"": 4, ""S4"": 3}",S1:pass;S2:pass;S3:pass;S4:P4,2,0,ok,ok,0.04222,ok
broccoli_tofu_chicken::correct_3::swap,broccoli_tofu_chicken,broccoli_tofu_chicken::correct_3,Kitchen/Food Prep,swap,3.9,6.9,75.0,100.0,86.60254037844386,"{""S1"": 4, ""S2"": 4, ""S3"": 4, ""S4"": 4}",S1:pass;S2:pass;S3:pass;S4:pass,4,0,ok,ok,0.03205,ok
broccoli_tofu_chicken::correct_3::ghost,broccoli_tofu_chicken,broccoli_tofu_chicken::correct_3,Kitchen/Food Prep,ghost,4.4,6.4,75.0,100.0,86.60254037844386,"{""S1"": 4, ""S2"": 4, ""S3"": 4, ""S4"": ""NA""}",S1:pass;S2:pass;S3:pass;S4:NA,2,0,ok,ok,0.03188,ok
mark_pen_board::correct_2::clean,mark_pen_board,mark_pen_board::correct_2,Office/Study Workspace,clean,,,100.0,100.0,100.0,"{""S1"": 4, ""S2"": 4, ""S3"": 4}",S1:pass;S2:pass;S3:pass,,,ok,ok,0.03962,ok
mark_pen_board::correct_2::teleport,mark_pen_board,mark_pen_board::correct_2,Office/Study Workspace,teleport,18.333,19.867,33.333333333333336,100.0,57.735026918962575,"{""S1"": 4, ""S2"": ""NA"", ""S3"": ""NA""}",S1:pass;S2:NA;S3:NA,1,0,ok,ok,0.03161,ok
mark_pen_board::correct_2::swap,mark_pen_board,mark_pen_board::correct_2,Office/Study Workspace,swap,17.6,20.6,100.0,100.0,100.0,"{""S1"": 4, ""S2"": 4, ""S3"": 4}",S1:pass;S2:pass;S3:pass,3,0,ok,ok,0.03122,ok
mark_pen_board::correct_2::ghost,mark_pen_board,mark_pen_board::correct_2,Office/Study Workspace,ghost,18.1,20.1,100.0,33.33333333333333,57.735026918962575,"{""S1"": 4, ""S2"": 0, ""S3"": 0}",S1:pass;S2:P1;S3:P1,2,0,ok,ok,0.03523,ok
stack_blocks::correct_3::clean,stack_blocks,stack_blocks::correct_3,Others,clean,,,100.0,100.0,100.0,"{""S1"": 4, ""S2"": 4, ""S3"": 4}",S1:pass;S2:pass;S3:pass,,,ok,ok,0.03952,ok
stack_blocks::correct_3::teleport,stack_blocks,stack_blocks::correct_3,Others,teleport,8.433,9.933,66.66666666666667,100.0,81.64965809277261,"{""S1"": 4, ""S2"": 4, ""S3"": 4}",S1:pass;S2:pass;S3:pass,3,0,ok,ok,0.03639,ok
stack_blocks::correct_3::swap,stack_blocks,stack_blocks::correct_3,Others,swap,7.7,10.7,66.66666666666667,83.33333333333334,74.535599249993,"{""S1"": 2, ""S2"": 4, ""S3"": 4}",S1:P3;S2:pass;S3:pass,5,0,ok,ok,0.0452,ok
stack_blocks::correct_3::ghost,stack_blocks,stack_blocks::correct_3,Others,ghost,8.2,10.2,66.66666666666667,33.33333333333333,47.14045207910317,"{""S1"": 0, ""S2"": 4, ""S3"": 0}",S1:P1;S2:pass;S3:P1,4,0,ok,ok,0.034,ok
aromatic_cube_leaf::correct_1::clean,aromatic_cube_leaf,aromatic_cube_leaf::correct_1,Personal Care/Utilities,clean,,,100.0,100.0,100.0,"{""S1"": 4, ""S2"": 4, ""S3"": 4}",S1:pass;S2:pass;S3:pass,,,ok,ok,0.03126,ok
aromatic_cube_leaf::correct_1::teleport,aromatic_cube_leaf,aromatic_cube_leaf::correct_1,Personal Care/Utilities,teleport,3.25,4.75,100.0,100.0,100.0,"{""S1"": 4, ""S2"": 4, ""S3"": 4}",S1:pass;S2:pass;S3:pass,3,0,ok,ok,0.03285,ok
aromatic_cube_leaf::correct_1::swap,aromatic_cube_leaf,aromatic_cube_leaf::correct_1,Personal Care/Utilities,swap,2.5,5.5,100.0,100.0,100.0,"{""S1"": 4, ""S2"": 4, ""S3"": 4}",S1:pass;S2:pass;S3:pass,4,0,ok,ok,0.03667,ok
aromatic_cube_leaf::correct_1::ghost,aromatic_cube_leaf,aromatic_cube_leaf::correct_1,Personal Care/Utilities,ghost,3.0,5.0,100.0,100.0,100.0,"{""S1"": 4, ""S2"": 4, ""S3"": 4}",S1:pass;S2:pass;S3:pass,3,0,ok,ok,0.03213,ok
tidy_personal_care_bottle::correct_1::clean,tidy_personal_care_bottle,tidy_personal_care_bottle::correct_1,Unassigned,clean,,,86.66666666666667,100.0,93.09493362512629,"{""S1"": 4, ""S2"": 4, ""S3"": 4, ""S4"": 4, ""S5"": 4, ""S6"": ""NA"", ""S7"": 4}",S1:pass;S2:pass;S3:pass;S4:pass;S5:pass;S6:NA;S7:pass,,,ok,ok,0.03577,ok
tidy_personal_care_bottle::correct_1::teleport,tidy_personal_care_bottle,tidy_personal_care_bottle::correct_1,Unassigned,teleport,19.152,20.654,83.33333333333333,100.0,91.28709291752767,"{""S1"": 4, ""S2"": 4, ""S3"": 4, ""S4"": 4, ""S5"": 4, ""S6"": 4, ""S7"": ""NA""}",S1:pass;S2:pass;S3:pass;S4:pass;S5:pass;S6:pass;S7:NA,1,0,ok,ok,0.04073,ok
tidy_personal_care_bottle::correct_1::swap,tidy_personal_care_bottle,tidy_personal_care_bottle::correct_1,Unassigned,swap,18.385,21.388,76.19047619047619,100.0,87.28715609439695,"{""S1"": 4, ""S2"": ""NA"", ""S3"": 4, ""S4"": 4, ""S5"": 4, ""S6"": 4, ""S7"": 4}",S1:pass;S2:NA;S3:pass;S4:pass;S5:pass;S6:pass;S7:pass,2,0,ok,ok,0.03897,ok
tidy_personal_care_bottle::correct_1::ghost,tidy_personal_care_bottle,tidy_personal_care_bottle::correct_1,Unassigned,ghost,18.886,20.888,83.33333333333333,100.0,91.28709291752767,"{""S1"": 4, ""S2"": 4, ""S3"": 4, ""S4"": ""NA"", ""S5"": 4, ""S6"": 4}",S1:pass;S2:pass;S3:pass;S4:NA;S5:pass;S6:pass,1,0,ok,ok,0.04205,ok
key_lanyard::correct_3::clean,key_lanyard,key_lanyard::correct_3,Household Org/Storage,clean,,,100.0,100.0,100.0,"{""S1"": 4, ""S2"": 4, ""S3"": 4, ""S4"": 4, ""S5"": 4}",S1:pass;S2:pass;S3:pass;S4:pass;S5:pass,,,ok,ok,0.0319,ok
key_lanyard::correct_3::teleport,key_lanyard,key_lanyard::correct_3,Household Org/Storage,teleport,15.633,17.133,100.0,100.0,100.0,"{""S1"": 4, ""S2"": 4, ""S3"": 4, ""S4"": 4, ""S5"": 4}",S1:pass;S2:pass;S3:pass;S4:pass;S5:pass,2,0,ok,ok,0.03511,ok
key_lanyard::correct_3::swap,key_lanyard,key_lanyard::correct_3,Household Org/Storage,swap,14.9,17.9,100.0,90.0,94.86832980505137,"{""S1"": 4, ""S2"": 4, ""S3"": 2, ""S4"": 4, ""S5"": 4}",S1:pass;S2:pass;S3:P3;S4:pass;S5:pass,3,1,ok,ok,0.04236,ok
key_lanyard::correct_3::ghost,key_lanyard,key_lanyard::correct_3,Household Org/Storage,ghost,15.4,17.4,100.0,60.0,77.45966692414834,"{""S1"": 4, ""S2"": 4, ""S3"": 4, ""S4"": 0, ""S5"": 0}",S1:pass;S2:pass;S3:pass;S4:P1;S5:P1,3,0,ok,ok,0.03772,ok
cutlery_sorting::correct_3::clean,cutlery_sorting,cutlery_sorting::correct_3,Kitchen/Food Prep,clean,,,100.0,100.0,100.0,"{""S1"": 4, ""S2"": 4, ""S3"": 4, ""S4"": 4, ""S5"": 4}",S1:pass;S2:pass;S3:pass;S4:pass;S5:pass,,,ok,ok,0.03124,ok
cutlery_sorting::correct_3::teleport,cutlery_sorting,cutlery_sorting::correct_3,Kitchen/Food Prep,teleport,9.142,10.644,100.0,100.0,100.0,"{""S1"": 4, ""S2"": 4, ""S3"": 4, ""S4"": 4, ""S5"": 4}",S1:pass;S2:pass;S3:pass;S4:pass;S5:pass,1,0,ok,ok,0.03938,ok
cutlery_sorting::correct_3::swap,cutlery_sorting,cutlery_sorting::correct_3,Kitchen/Food Prep,swap,8.408,11.411,100.0,100.0,100.0,"{""S1"": 4, ""S2"": 4, ""S3"": 4, ""S4"": 4, ""S5"": 4}",S1:pass;S2:pass;S3:pass;S4:pass;S5:pass,3,0,ok,ok,0.03915,ok
cutlery_sorting::correct_3::ghost,cutlery_sorting,cutlery_sorting::correct_3,Kitchen/Food Prep,ghost,8.909,10.911,100.0,100.0,100.0,"{""S1"": 4, ""S2"": 4, ""S3"": 4, ""S4"": 4}",S1:pass;S2:pass;S3:pass;S4:pass,2,1,ok,ok,0.04882,ok
ereader_earphone::correct_4::clean,ereader_earphone,ereader_earphone::correct_4,Office/Study Workspace,clean,,,100.0,100.0,100.0,"{""S1"": 4, ""S2"": 4, ""S3"": 4, ""S4"": 4}",S1:pass;S2:pass;S3:pass;S4:pass,,,ok,ok,0.0312,ok
ereader_earphone::correct_4::teleport,ereader_earphone,ereader_earphone::correct_4,Office/Study Workspace,teleport,3.25,4.75,100.0,100.0,100.0,"{""S1"": 4, ""S2"": 4, ""S3"": 4, ""S4"": 4}",S1:pass;S2:pass;S3:pass;S4:pass,3,0,ok,ok,0.03187,ok
ereader_earphone::correct_4::swap,ereader_earphone,ereader_earphone::correct_4,Office/Study Workspace,swap,2.5,5.5,100.0,100.0,100.0,"{""S1"": 4, ""S2"": 4, ""S3"": 4, ""S4"": 4}",S1:pass;S2:pass;S3:pass;S4:pass,6,0,ok,ok,0.02868,ok
ereader_earphone::correct_4::ghost,ereader_earphone,ereader_earphone::correct_4,Office/Study Workspace,ghost,3.0,5.0,100.0,100.0,100.0,"{""S1"": 4, ""S2"": 4, ""S3"": 4, ""S4"": 4}",S1:pass;S2:pass;S3:pass;S4:pass,4,0,ok,ok,0.02992,ok
four_in_a_row::correct_1::clean,four_in_a_row,four_in_a_row::correct_1,Others,clean,,,100.0,100.0,100.0,"{""S1"": 4}",S1:pass,,,ok,ok,0.03124,ok
four_in_a_row::correct_1::teleport,four_in_a_row,four_in_a_row::correct_1,Others,teleport,3.267,4.733,100.0,100.0,100.0,"{""S1"": 4}",S1:pass,5,0,ok,ok,0.03131,ok
four_in_a_row::correct_1::swap,four_in_a_row,four_in_a_row::correct_1,Others,swap,2.5,5.5,100.0,50.0,70.71067811865476,"{""S1"": 2}",S1:P3,8,1,ok,ok,0.0359,ok
four_in_a_row::correct_1::ghost,four_in_a_row,four_in_a_row::correct_1,Others,ghost,3.0,5.0,100.0,0.0,0.0,"{""S1"": 0}",S1:P1,6,0,ok,ok,0.01445,ok
eyeshadow_palette::correct_2::clean,eyeshadow_palette,eyeshadow_palette::correct_2,Personal Care/Utilities,clean,,,100.0,100.0,100.0,"{""S1"": 4, ""S2"": 4, ""S3"": 4, ""S4"": 4, ""S5"": 4}",S1:pass;S2:pass;S3:pass;S4:pass;S5:pass,,,ok,ok,0.03974,ok
eyeshadow_palette::correct_2::teleport,eyeshadow_palette,eyeshadow_palette::correct_2,Personal Care/Utilities,teleport,4.667,6.133,100.0,100.0,100.0,"{""S1"": 4, ""S2"": 4, ""S3"": 4, ""S4"": 4, ""S5"": 4}",S1:pass;S2:pass;S3:pass;S4:pass;S5:pass,2,0,ok,ok,0.04131,ok
eyeshadow_palette::correct_2::swap,eyeshadow_palette,eyeshadow_palette::correct_2,Personal Care/Utilities,swap,3.9,6.9,100.0,100.0,100.0,"{""S1"": 4, ""S2"": 4, ""S3"": 4, ""S4"": 4, ""S5"": 4}",S1:pass;S2:pass;S3:pass;S4:pass;S5:pass,5,0,ok,ok,0.04596,ok
eyeshadow_palette::correct_2::ghost,eyeshadow_palette,eyeshadow_palette::correct_2,Personal Care/Utilities,ghost,4.4,6.4,100.0,100.0,100.0,"{""S1"": 4, ""S2"": 4, ""S3"": 4, ""S4"": 4, ""S5"": 4}",S1:pass;S2:pass;S3:pass;S4:pass;S5:pass,3,1,ok,ok,0.04283,ok
soap_mix::correct_2::clean,soap_mix,soap_mix::correct_2,Unassigned,clean,,,100.0,100.0,100.0,"{""S1"": 4, ""S2"": 4, ""S3"": 4}",S1:pass;S2:pass;S3:pass,,,ok,ok,0.02905,ok
soap_mix::correct_2::teleport,soap_mix,soap_mix::correct_2,Unassigned,teleport,8.133,9.667,100.0,100.0,100.0,"{""S1"": 4, ""S2"": 4, ""S3"": 4}",S1:pass;S2:pass;S3:pass,2,0,ok,ok,0.0276,ok
soap_mix::correct_2::swap,soap_mix,soap_mix::correct_2,Unassigned,swap,7.4,10.4,100.0,100.0,100.0,"{""S1"": 4, ""S2"": 4, ""S3"": 4}",S1:pass;S2:pass;S3:pass,2,0,ok,ok,0.03057,ok
soap_mix::correct_2::ghost,soap_mix,soap_mix::correct_2,Unassigned,ghost,7.9,9.9,100.0,66.66666666666666,81.6496580927726,"{""S1"": 0, ""S2"": 4, ""S3"": 4}",S1:P1;S2:pass;S3:pass,2,1,ok,ok,0.03732,ok
air_freshener_dispenser::correct_3::clean,air_freshener_dispenser,air_freshener_dispenser::correct_3,Household Org/Storage,clean,,,100.0,100.0,100.0,"{""S1"": 4, ""S2"": 4, ""S3"": 4, ""S4"": 4, ""S5"": 4}",S1:pass;S2:pass;S3:pass;S4:pass;S5:pass,,,ok,ok,0.03663,ok
air_freshener_dispenser::correct_3::teleport,air_freshener_dispenser,air_freshener_dispenser::correct_3,Household Org/Storage,teleport,18.333,19.867,80.0,100.0,89.44271909999159,"{""S1"": 4, ""S2"": 4, ""S3"": 4, ""S4"": 4, ""S5"": 4}",S1:pass;S2:pass;S3:pass;S4:pass;S5:pass,1,0,ok,ok,0.02982,ok
air_freshener_dispenser::correct_3::swap,air_freshener_dispenser,air_freshener_dispenser::correct_3,Household Org/Storage,swap,17.6,20.6,100.0,100.0,100.0,"{""S1"": 4, ""S2"": 4, ""S3"": 4, ""S4"": 4, ""S5"": 4}",S1:pass;S2:pass;S3:pass;S4:pass;S5:pass,2,0,ok,ok,0.03163,ok
air_freshener_dispenser::correct_3::ghost,air_freshener_dispenser,air_freshener_dispenser::correct_3,Household Org/Storage,ghost,18.1,20.1,100.0,100.0,100.0,"{""S1"": 4, ""S2"": 4, ""S3"": 4, ""S4"": 4, ""S5"": 4}",S1:pass;S2:pass;S3:pass;S4:pass;S5:pass,2,0,ok,ok,0.03185,ok
move_juice::correct_2::clean,move_juice,move_juice::correct_2,Kitchen/Food Prep,clean,,,100.0,100.0,100.0,"{""S1"": 4, ""S2"": 4, ""S3"": 4, ""S4"": 4}",S1:pass;S2:pass;S3:pass;S4:pass,,,ok,ok,0.03648,ok
move_juice::correct_2::teleport,move_juice,move_juice::correct_2,Kitchen/Food Prep,teleport,4.054,5.556,100.0,100.0,100.0,"{""S1"": 4, ""S2"": 4, ""S3"": 4, ""S4"": 4}",S1:pass;S2:pass;S3:pass;S4:pass,0,0,ok,ok,0.03828,ok
move_juice::correct_2::swap,move_juice,move_juice::correct_2,Kitchen/Food Prep,swap,3.303,6.306,100.0,100.0,100.0,"{""S1"": 4, ""S2"": 4, ""S3"": 4, ""S4"": 4}",S1:pass;S2:pass;S3:pass;S4:pass,2,0,ok,ok,0.0365,ok
move_juice::correct_2::ghost,move_juice,move_juice::correct_2,Kitchen/Food Prep,ghost,3.804,5.806,100.0,100.0,100.0,"{""S1"": 4, ""S2"": 4, ""S3"": 4, ""S4"": 4}",S1:pass;S2:pass;S3:pass;S4:pass,1,0,ok,ok,0.03849,ok
erase_whiteboard::correct_1::clean,erase_whiteboard,erase_whiteboard::correct_1,Office/Study Workspace,clean,,,100.0,100.0,100.0,"{""S1"": 4, ""S2"": 4, ""S3"": 4}",S1:pass;S2:pass;S3:pass,,,ok,ok,0.02889,ok
erase_whiteboard::correct_1::teleport,erase_whiteboard,erase_whiteboard::correct_1,Office/Study Workspace,teleport,3.654,5.155,100.0,100.0,100.0,"{""S1"": 4, ""S2"": 4, ""S3"": 4}",S1:pass;S2:pass;S3:pass,3,0,ok,ok,0.0292,ok
erase_whiteboard::correct_1::swap,erase_whiteboard,erase_whiteboard::correct_1,Office/Study Workspace,swap,2.903,5.906,100.0,100.0,100.0,"{""S1"": 4, ""S2"": 4, ""S3"": 4}",S1:pass;S2:pass;S3:pass,6,0,ok,ok,0.03299,ok
erase_whiteboard::correct_1::ghost,erase_whiteboard,erase_whiteboard::correct_1,Office/Study Workspace,ghost,3.403,5.405,100.0,100.0,100.0,"{""S1"": 4, ""S2"": 4}",S1:pass;S2:pass,4,0,ok,ok,0.02678,ok
bag_shoe_rack::correct_2::clean,bag_shoe_rack,bag_shoe_rack::correct_2,Others,clean,,,100.0,100.0,100.0,"{""S1"": 4, ""S2"": 4, ""S3"": 4}",S1:pass;S2:pass;S3:pass,,,ok,ok,0.02745,ok
bag_shoe_rack::correct_2::teleport,bag_shoe_rack,bag_shoe_rack::correct_2,Others,teleport,7.257,8.742,100.0,100.0,100.0,"{""S1"": 4, ""S2"": 4, ""S3"": 4}",S1:pass;S2:pass;S3:pass,3,0,ok,ok,0.02858,ok
bag_shoe_rack::correct_2::swap,bag_shoe_rack,bag_shoe_rack::correct_2,Others,swap,6.506,9.493,100.0,100.0,100.0,"{""S1"": 4, ""S2"": 4, ""S3"": 4}",S1:pass;S2:pass;S3:pass,6,0,ok,ok,0.0278,ok
bag_shoe_rack::correct_2::ghost,bag_shoe_rack,bag_shoe_rack::correct_2,Others,ghost,7.007,8.992,100.0,100.0,100.0,"{""S1"": 4, ""S2"": 4, ""S3"": 4}",S1:pass;S2:pass;S3:pass,4,0,ok,ok,0.02737,ok
toothpaste_water::correct_2::clean,toothpaste_water,toothpaste_water::correct_2,Personal Care/Utilities,clean,,,50.0,100.0,70.71067811865476,"{""S1"": 4, ""S2"": 4, ""S3"": ""NA"", ""S4"": 4, ""S5"": ""NA"", ""S6"": ""NA""}",S1:pass;S2:pass;S3:NA;S4:pass;S5:NA;S6:NA,,,ok,ok,0.03721,ok
toothpaste_water::correct_2::teleport,toothpaste_water,toothpaste_water::correct_2,Personal Care/Utilities,teleport,3.267,4.733,50.0,100.0,70.71067811865476,"{""S1"": 4, ""S2"": 4, ""S3"": ""NA"", ""S4"": 4, ""S5"": ""NA"", ""S6"": ""NA""}",S1:pass;S2:pass;S3:NA;S4:pass;S5:NA;S6:NA,4,0,ok,ok,0.03813,ok
toothpaste_water::correct_2::swap,toothpaste_water,toothpaste_water::correct_2,Personal Care/Utilities,swap,2.5,5.5,66.66666666666667,100.0,81.64965809277261,"{""S1"": 4, ""S2"": 4, ""S3"": ""NA"", ""S4"": 4, ""S5"": ""NA"", ""S6"": 4}",S1:pass;S2:pass;S3:NA;S4:pass;S5:NA;S6:pass,6,0,ok,ok,0.03915,ok
toothpaste_water::correct_2::ghost,toothpaste_water,toothpaste_water::correct_2,Personal Care/Utilities,ghost,3.0,5.0,50.0,25.0,35.35533905932738,"{""S1"": 0, ""S2"": 4, ""S3"": ""NA"", ""S4"": 0, ""S5"": 0, ""S6"": ""NA""}",S1:P1;S2:pass;S3:NA;S4:P1;S5:P1;S6:NA,4,1,ok,ok,0.0439,ok
hanger_grouping::correct_2::clean,hanger_grouping,hanger_grouping::correct_2,Unassigned,clean,,,100.0,100.0,100.0,"{""S1"": 4, ""S2"": 4, ""S3"": 4, ""S4"": 4}",S1:pass;S2:pass;S3:pass;S4:pass,,,ok,ok,0.04563,ok
hanger_grouping::correct_2::teleport,hanger_grouping,hanger_grouping::correct_2,Unassigned,teleport,8.442,9.943,100.0,100.0,100.0,"{""S1"": 4, ""S2"": 4}",S1:pass;S2:pass,2,0,ok,ok,0.03082,ok
hanger_grouping::correct_2::swap,hanger_grouping,hanger_grouping::correct_2,Unassigned,swap,7.708,10.711,100.0,100.0,100.0,"{""S1"": 4, ""S2"": 4, ""S3"": 4, ""S4"": 4}",S1:pass;S2:pass;S3:pass;S4:pass,2,0,ok,ok,0.03546,ok
hanger_grouping::correct_2::ghost,hanger_grouping,hanger_grouping::correct_2,Unassigned,ghost,8.208,10.21,100.0,0.0,0.0,"{""S1"": 0, ""S2"": 0}",S1:P1;S2:P1,2,1,ok,ok,0.02177,ok
sock_bucket::correct_3::clean,sock_bucket,sock_bucket::correct_3,Household Org/Storage,clean,,,66.66666666666667,100.0,81.64965809277261,"{""S1"": 4, ""S2"": 4, ""S3"": 4}",S1:pass;S2:pass;S3:pass,,,ok,ok,0.03241,ok
sock_bucket::correct_3::teleport,sock_bucket,sock_bucket::correct_3,Household Org/Storage,teleport,6.267,7.733,100.0,100.0,100.0,"{""S1"": 4, ""S2"": 4, ""S3"": 4}",S1:pass;S2:pass;S3:pass,5,0,ok,ok,0.03479,ok
sock_bucket::correct_3::swap,sock_bucket,sock_bucket::correct_3,Household Org/Storage,swap,5.5,8.5,66.66666666666667,100.0,81.64965809277261,"{""S1"": 4, ""S2"": 4, ""S3"": 4}",S1:pass;S2:pass;S3:pass,7,0,ok,ok,0.03219,ok
sock_bucket::correct_3::ghost,sock_bucket,sock_bucket::correct_3,Household Org/Storage,ghost,6.0,8.0,66.66666666666667,66.66666666666666,66.66666666666667,"{""S1"": 4, ""S2"": 0, ""S3"": 4}",S1:pass;S2:P1;S3:pass,5,0,ok,ok,0.03172,ok
vim_lunchbox::correct_2::clean,vim_lunchbox,vim_lunchbox::correct_2,Kitchen/Food Prep,clean,,,66.66666666666667,100.0,81.64965809277261,"{""S1"": 4, ""S2"": 4, ""S3"": 4, ""S4"": 4, ""S5"": 4}",S1:pass;S2:pass;S3:pass;S4:pass;S5:pass,,,ok,ok,0.03933,ok
vim_lunchbox::correct_2::teleport,vim_lunchbox,vim_lunchbox::correct_2,Kitchen/Food Prep,teleport,4.35,5.85,66.66666666666667,100.0,81.64965809277261,"{""S1"": 4, ""S2"": ""NA"", ""S3"": ""NA"", ""S4"": 4, ""S5"": 4, ""S6"": 4}",S1:pass;S2:NA;S3:NA;S4:pass;S5:pass;S6:pass,2,1,ok,ok,0.05032,ok
vim_lunchbox::correct_2::swap,vim_lunchbox,vim_lunchbox::correct_2,Kitchen/Food Prep,swap,3.6,6.6,80.0,100.0,89.44271909999159,"{""S1"": 4, ""S2"": ""NA"", ""S3"": ""NA"", ""S4"": 4, ""S5"": 4, ""S6"": 4}",S1:pass;S2:NA;S3:NA;S4:pass;S5:pass;S6:pass,4,0,ok,ok,0.03812,ok
vim_lunchbox::correct_2::ghost,vim_lunchbox,vim_lunchbox::correct_2,Kitchen/Food Prep,ghost,4.1,6.1,66.66666666666667,100.0,81.64965809277261,"{""S1"": 4, ""S2"": ""NA"", ""S3"": ""NA"", ""S4"": 4, ""S5"": 4, ""S6"": 4, ""S7"": 4}",S1:pass;S2:NA;S3:NA;S4:pass;S5:pass;S6:pass;S7:pass,3,1,ok,ok,0.04858,ok
line_marker_calculator::correct_1::clean,line_marker_calculator,line_marker_calculator::correct_1,Office/Study Workspace,clean,,,100.0,100.0,100.0,"{""S1"": 4, ""S2"": 4, ""S3"": 4, ""S4"": 4, ""S5"": 4, ""S6"": 4}",S1:pass;S2:pass;S3:pass;S4:pass;S5:pass;S6:pass,,,ok,ok,0.04179,ok
line_marker_calculator::correct_1::teleport,line_marker_calculator,line_marker_calculator::correct_1,Office/Study Workspace,teleport,23.533,25.067,100.0,100.0,100.0,"{""S1"": 4, ""S2"": 4, ""S3"": 4, ""S4"": 4, ""S5"": 4}",S1:pass;S2:pass;S3:pass;S4:pass;S5:pass,1,0,ok,ok,0.04515,ok
line_marker_calculator::correct_1::swap,line_marker_calculator,line_marker_calculator::correct_1,Office/Study Workspace,swap,22.8,25.8,100.0,100.0,100.0,"{""S1"": 4, ""S2"": 4, ""S3"": 4, ""S4"": 4, ""S5"": 4}",S1:pass;S2:pass;S3:pass;S4:pass;S5:pass,2,0,ok,ok,0.03874,ok
line_marker_calculator::correct_1::ghost,line_marker_calculator,line_marker_calculator::correct_1,Office/Study Workspace,ghost,23.3,25.3,100.0,80.0,89.44271909999159,"{""S1"": 4, ""S2"": 4, ""S3"": 0, ""S4"": 4, ""S5"": 4}",S1:pass;S2:pass;S3:P1;S4:pass;S5:pass,1,1,ok,ok,0.05597,ok
stack_cap_bottle::correct_1::clean,stack_cap_bottle,stack_cap_bottle::correct_1,Others,clean,,,100.0,100.0,100.0,"{""S1"": 4, ""S2"": 4}",S1:pass;S2:pass,,,ok,ok,0.02732,ok
stack_cap_bottle::correct_1::teleport,stack_cap_bottle,stack_cap_bottle::correct_1,Others,teleport,6.25,7.75,100.0,100.0,100.0,"{""S1"": 4, ""S2"": 4}",S1:pass;S2:pass,4,0,ok,ok,0.02495,ok
stack_cap_bottle::correct_1::swap,stack_cap_bottle,stack_cap_bottle::correct_1,Others,swap,5.5,8.5,100.0,100.0,100.0,"{""S1"": 4, ""S2"": 4}",S1:pass;S2:pass,7,0,ok,ok,0.02613,ok
stack_cap_bottle::correct_1::ghost,stack_cap_bottle,stack_cap_bottle::correct_1,Others,ghost,6.0,8.0,100.0,0.0,0.0,"{""S1"": 0, ""S2"": 0}",S1:P1;S2:P1,5,1,ok,ok,0.0206,ok
toothbrush_case::correct_1::clean,toothbrush_case,toothbrush_case::correct_1,Personal Care/Utilities,clean,,,100.0,100.0,100.0,"{""S1"": 4, ""S2"": 4, ""S3"": 4, ""S4"": 4, ""S5"": 4}",S1:pass;S2:pass;S3:pass;S4:pass;S5:pass,,,ok,ok,0.03015,ok
toothbrush_case::correct_1::teleport,toothbrush_case,toothbrush_case::correct_1,Personal Care/Utilities,teleport,3.353,4.855,100.0,100.0,100.0,"{""S1"": 4, ""S2"": 4, ""S3"": 4, ""S4"": 4, ""S5"": 4}",S1:pass;S2:pass;S3:pass;S4:pass;S5:pass,2,0,ok,ok,0.03762,ok
toothbrush_case::correct_1::swap,toothbrush_case,toothbrush_case::correct_1,Personal Care/Utilities,swap,2.603,5.606,100.0,100.0,100.0,"{""S1"": 4, ""S2"": 4, ""S3"": 4, ""S4"": 4, ""S5"": 4}",S1:pass;S2:pass;S3:pass;S4:pass;S5:pass,4,0,ok,ok,0.03766,ok
toothbrush_case::correct_1::ghost,toothbrush_case,toothbrush_case::correct_1,Personal Care/Utilities,ghost,3.103,5.105,100.0,40.0,63.245553203367585,"{""S1"": 0, ""S2"": 0, ""S3"": 4, ""S4"": 0, ""S5"": 4}",S1:P1;S2:P1;S3:pass;S4:P1;S5:pass,3,1,ok,ok,0.03705,ok
prepare_camera_power_storage::correct_3::clean,prepare_camera_power_storage,prepare_camera_power_storage::correct_3,Unassigned,clean,,,50.0,100.0,70.71067811865476,"{""S1"": 4, ""S2"": 4, ""S3"": 4, ""S4"": 4, ""S5"": 4, ""S6"": 4}",S1:pass;S2:pass;S3:pass;S4:pass;S5:pass;S6:pass,,,ok,ok,0.04228,ok
prepare_camera_power_storage::correct_3::teleport,prepare_camera_power_storage,prepare_camera_power_storage::correct_3,Unassigned,teleport,9.243,10.744,75.0,66.66666666666666,70.71067811865474,"{""S1"": ""NA"", ""S2"": 0, ""S3"": 4, ""S4"": 4}",S1:NA;S2:P1;S3:pass;S4:pass,2,0,ok,ok,0.04028,ok
prepare_camera_power_storage::correct_3::swap,prepare_camera_power_storage,prepare_camera_power_storage::correct_3,Unassigned,swap,8.508,11.511,33.333333333333336,100.0,57.735026918962575,"{""S1"": 4, ""S2"": 4, ""S3"": 4, ""S4"": 4}",S1:pass;S2:pass;S3:pass;S4:pass,2,0,ok,ok,0.04322,ok
prepare_camera_power_storage::correct_3::ghost,prepare_camera_power_storage,prepare_camera_power_storage::correct_3,Unassigned,ghost,9.009,11.011,33.333333333333336,62.5,45.64354645876384,"{""S1"": 4, ""S2"": 0, ""S3"": 2, ""S4"": 4}",S1:pass;S2:P1;S3:P3;S4:pass,2,1,ok,ok,0.04577,ok
bottle_pot_pebble::correct_2::clean,bottle_pot_pebble,bottle_pot_pebble::correct_2,Household Org/Storage,clean,,,100.0,100.0,100.0,"{""S1"": 4, ""S2"": 4, ""S3"": 4}",S1:pass;S2:pass;S3:pass,,,ok,ok,0.03283,ok
bottle_pot_pebble::correct_2::teleport,bottle_pot_pebble,bottle_pot_pebble::correct_2,Household Org/Storage,teleport,6.05,7.55,100.0,50.0,70.71067811865476,"{""S1"": 2, ""S2"": 4, ""S3"": 0}",S1:P3;S2:pass;S3:P1,3,1,ok,ok,0.04179,ok
bottle_pot_pebble::correct_2::swap,bottle_pot_pebble,bottle_pot_pebble::correct_2,Household Org/Storage,swap,5.3,8.3,88.88888888888887,100.0,94.28090415820633,"{""S1"": 4, ""S2"": 4, ""S3"": 4}",S1:pass;S2:pass;S3:pass,4,1,ok,ok,0.04104,ok
bottle_pot_pebble::correct_2::ghost,bottle_pot_pebble,bottle_pot_pebble::correct_2,Household Org/Storage,ghost,5.8,7.8,77.77777777777779,25.0,44.09585518440984,"{""S1"": 2, ""S2"": 0, ""S3"": ""NA""}",S1:P3;S2:P1;S3:NA,3,0,ok,ok,0.02394,ok
stack_dishes_utensils::correct_1::clean,stack_dishes_utensils,stack_dishes_utensils::correct_1,Kitchen/Food Prep,clean,,,100.0,100.0,100.0,"{""S1"": 4, ""S2"": 4, ""S3"": 4, ""S4"": 4}",S1:pass;S2:pass;S3:pass;S4:pass,,,ok,ok,0.03837,ok
stack_dishes_utensils::correct_1::teleport,stack_dishes_utensils,stack_dishes_utensils::correct_1,Kitchen/Food Prep,teleport,9.243,10.744,100.0,100.0,100.0,"{""S1"": 4, ""S2"": 4, ""S3"": 4, ""S4"": 4}",S1:pass;S2:pass;S3:pass;S4:pass,3,0,ok,ok,0.03768,ok
stack_dishes_utensils::correct_1::swap,stack_dishes_utensils,stack_dishes_utensils::correct_1,Kitchen/Food Prep,swap,8.508,11.511,100.0,100.0,100.0,"{""S1"": 4, ""S2"": 4, ""S3"": 4, ""S4"": 4}",S1:pass;S2:pass;S3:pass;S4:pass,6,1,ok,ok,0.04448,ok
stack_dishes_utensils::correct_1::ghost,stack_dishes_utensils,stack_dishes_utensils::correct_1,Kitchen/Food Prep,ghost,9.009,11.011,100.0,75.0,86.60254037844386,"{""S1"": 4, ""S2"": 4, ""S3"": 4, ""S4"": 0}",S1:pass;S2:pass;S3:pass;S4:P1,4,1,ok,ok,0.04074,ok
desk_mat_tablet::correct_3::clean,desk_mat_tablet,desk_mat_tablet::correct_3,Office/Study Workspace,clean,,,100.0,100.0,100.0,"{""S1"": 4, ""S2"": 4, ""S3"": 4}",S1:pass;S2:pass;S3:pass,,,ok,ok,0.03145,ok
desk_mat_tablet::correct_3::teleport,desk_mat_tablet,desk_mat_tablet::correct_3,Office/Study Workspace,teleport,17.133,18.667,100.0,100.0,100.0,"{""S1"": 4, ""S2"": 4, ""S3"": 4, ""S4"": 4}",S1:pass;S2:pass;S3:pass;S4:pass,1,0,ok,ok,0.03607,ok
desk_mat_tablet::correct_3::swap,desk_mat_tablet,desk_mat_tablet::correct_3,Office/Study Workspace,swap,16.4,19.4,100.0,100.0,100.0,"{""S1"": 4, ""S2"": 4, ""S3"": 4, ""S4"": 4}",S1:pass;S2:pass;S3:pass;S4:pass,2,0,ok,ok,0.03174,ok
desk_mat_tablet::correct_3::ghost,desk_mat_tablet,desk_mat_tablet::correct_3,Office/Study Workspace,ghost,16.9,18.9,100.0,100.0,100.0,"{""S1"": 4, ""S2"": 4, ""S3"": 4, ""S4"": 4}",S1:pass;S2:pass;S3:pass;S4:pass,2,0,ok,ok,0.02938,ok
racket_backpack::correct_1::clean,racket_backpack,racket_backpack::correct_1,Others,clean,,,100.0,100.0,100.0,"{""S1"": ""NA"", ""S2"": 4, ""S3"": 4, ""S4"": 4, ""S5"": 4}",S1:NA;S2:pass;S3:pass;S4:pass;S5:pass,,,ok,ok,0.03663,ok
racket_backpack::correct_1::teleport,racket_backpack,racket_backpack::correct_1,Others,teleport,7.433,8.933,100.0,100.0,100.0,"{""S1"": 4, ""S2"": 4, ""S3"": 4}",S1:pass;S2:pass;S3:pass,1,0,ok,ok,0.02662,ok
racket_backpack::correct_1::swap,racket_backpack,racket_backpack::correct_1,Others,swap,6.7,9.7,100.0,100.0,100.0,"{""S1"": 4, ""S2"": 4, ""S3"": 4, ""S4"": 4, ""S5"": 4}",S1:pass;S2:pass;S3:pass;S4:pass;S5:pass,3,0,ok,ok,0.0354,ok
racket_backpack::correct_1::ghost,racket_backpack,racket_backpack::correct_1,Others,ghost,7.2,9.2,100.0,87.5,93.54143466934853,"{""S1"": ""NA"", ""S2"": 2, ""S3"": 4, ""S4"": 4, ""S5"": 4}",S1:NA;S2:P3;S3:pass;S4:pass;S5:pass,2,1,ok,ok,0.04044,ok
makeup_red_container::correct_2::clean,makeup_red_container,makeup_red_container::correct_2,Personal Care/Utilities,clean,,,100.0,100.0,100.0,"{""S1"": 4, ""S2"": 4, ""S3"": 4, ""S4"": 4, ""S5"": 4}",S1:pass;S2:pass;S3:pass;S4:pass;S5:pass,,,ok,ok,0.03281,ok
makeup_red_container::correct_2::teleport,makeup_red_container,makeup_red_container::correct_2,Personal Care/Utilities,teleport,11.333,12.867,100.0,100.0,100.0,"{""S1"": 4, ""S2"": 4, ""S3"": 4, ""S4"": 4, ""S5"": 4}",S1:pass;S2:pass;S3:pass;S4:pass;S5:pass,2,0,ok,ok,0.05026,ok
makeup_red_container::correct_2::swap,makeup_red_container,makeup_red_container::correct_2,Personal Care/Utilities,swap,10.6,13.6,100.0,100.0,100.0,"{""S1"": 4, ""S2"": 4, ""S3"": 4, ""S4"": 4, ""S5"": 4}",S1:pass;S2:pass;S3:pass;S4:pass;S5:pass,4,0,ok,ok,0.03633,ok
makeup_red_container::correct_2::ghost,makeup_red_container,makeup_red_container::correct_2,Personal Care/Utilities,ghost,11.1,13.1,100.0,80.0,89.44271909999159,"{""S1"": 4, ""S2"": 4, ""S3"": 4, ""S4"": 4, ""S5"": 0}",S1:pass;S2:pass;S3:pass;S4:pass;S5:P1,4,1,ok,ok,0.05009,ok
box_medal::correct_1::clean,box_medal,box_medal::correct_1,Unassigned,clean,,,100.0,100.0,100.0,"{""S1"": 4, ""S2"": 4, ""S3"": 4, ""S4"": 4, ""S5"": 4, ""S6"": 4}",S1:pass;S2:pass;S3:pass;S4:pass;S5:pass;S6:pass,,,ok,ok,0.03116,ok
box_medal::correct_1::teleport,box_medal,box_medal::correct_1,Unassigned,teleport,22.656,24.157,100.0,100.0,100.0,"{""S1"": 4, ""S2"": 4, ""S3"": 4, ""S4"": 4, ""S5"": 4, ""S6"": 4}",S1:pass;S2:pass;S3:pass;S4:pass;S5:pass;S6:pass,1,0,ok,ok,0.03328,ok
box_medal::correct_1::swap,box_medal,box_medal::correct_1,Unassigned,swap,21.905,24.908,100.0,100.0,100.0,"{""S1"": 4, ""S2"": 4, ""S3"": 4, ""S4"": 4, ""S5"": 4, ""S6"": 4}",S1:pass;S2:pass;S3:pass;S4:pass;S5:pass;S6:pass,3,0,ok,ok,0.03247,ok
box_medal::correct_1::ghost,box_medal,box_medal::correct_1,Unassigned,ghost,22.406,24.408,100.0,100.0,100.0,"{""S1"": 4, ""S2"": 4, ""S3"": 4, ""S4"": 4, ""S5"": 4, ""S6"": 4}",S1:pass;S2:pass;S3:pass;S4:pass;S5:pass;S6:pass,1,0,ok,ok,0.03254,ok
