id,case_id,model,seed,human_task,human_physics,human_final,judge_task,judge_physics,judge_final
acoustic_electric_guitar::cosmos_3__202,acoustic_electric_guitar,cosmos_3,202,16.666666666666668,0.0,0.0,16.666666666666668,75.0,35.35533905932738
acoustic_electric_guitar::cosmos_3__303,acoustic_electric_guitar,cosmos_3,303,0.0,0.0,0.0,50.0,0.0,0.0
acoustic_electric_guitar::grok_imagine_video_1_5__303,acoustic_electric_guitar,grok_imagine_video_1_5,303,37.0,48.333333333333336,42.28869037146141,100.0,100.0,100.0
acoustic_electric_guitar::kling_v3_pro__101,acoustic_electric_guitar,kling_v3_pro,101,33.333333333333336,33.25,33.291640592396966,100.0,100.0,100.0
acoustic_electric_guitar::kling_v3_pro__303,acoustic_electric_guitar,kling_v3_pro,303,55.66666666666667,83.25,68.07532592650585,50.0,100.0,70.71067811865476
acoustic_electric_guitar::minimax_h3__101,acoustic_electric_guitar,minimax_h3,101,100.0,75.0,86.60254037844386,100.0,100.0,100.0
acoustic_electric_guitar::seedance_2_0__202,acoustic_electric_guitar,seedance_2_0,202,77.66666666666667,66.75,72.00173609018049,100.0,100.0,100.0
acoustic_electric_guitar::wan_2_7__303,acoustic_electric_guitar,wan_2_7,303,33.333333333333336,33.25,33.291640592396966,100.0,100.0,100.0
acoustic_electric_guitar::wrong_3,acoustic_electric_guitar,human_wrong,3,89.0,100.0,94.33981132056604,100.0,100.0,100.0
air_freshener_dispenser::cosmos_3__202,air_freshener_dispenser,cosmos_3,202,14.000000000000002,0.0,0.0,11.111111111111109,100.0,33.33333333333333
air_freshener_dispenser::grok_imagine_video_1_5__202,air_freshener_dispenser,grok_imagine_video_1_5,202,50.0,30.0,38.72983346207417,46.666666666666664,70.0,57.154760664940824
air_freshener_dispenser::grok_imagine_video_1_5__303,air_freshener_dispenser,grok_imagine_video_1_5,303,33.333333333333336,60.0,44.721359549995796,86.66666666666667,100.0,93.09493362512629
air_freshener_dispenser::kling_v3_pro__202,air_freshener_dispenser,kling_v3_pro,202,11.000000000000002,25.0,16.583123951777,33.333333333333336,100.0,57.735026918962575
air_freshener_dispenser::minimax_h3__101,air_freshener_dispenser,minimax_h3,101,5.666666666666668,0.0,0.0,26.666666666666668,62.5,40.824829046386306
air_freshener_dispenser::minimax_h3__202,air_freshener_dispenser,minimax_h3,202,16.666666666666668,50.0,28.867513459481287,44.444444444444436,50.0,47.14045207910316
air_freshener_dispenser::minimax_h3__303,air_freshener_dispenser,minimax_h3,303,16.666666666666668,0.0,0.0,20.0,100.0,44.721359549995796
air_freshener_dispenser::seedance_2_0__101,air_freshener_dispenser,seedance_2_0,101,47.16666666666667,50.0,48.562674281111555,86.66666666666667,100.0,93.09493362512629
air_freshener_dispenser::seedance_2_0__202,air_freshener_dispenser,seedance_2_0,202,39.0,33.25,36.010415160061676,44.444444444444436,25.0,33.33333333333333
air_freshener_dispenser::seedance_2_0__303,air_freshener_dispenser,seedance_2_0,303,39.666666666666664,58.333333333333336,48.102898965539374,77.77777777777779,100.0,88.19171036881968
air_freshener_dispenser::wan_2_7__101,air_freshener_dispenser,wan_2_7,101,11.111111111111112,0.0,0.0,44.444444444444436,33.33333333333333,38.49001794597505
air_freshener_dispenser::wan_2_7__202,air_freshener_dispenser,wan_2_7,202,50.0,41.625,45.62071897723665,20.0,100.0,44.721359549995796
air_freshener_dispenser::wan_2_7__303,air_freshener_dispenser,wan_2_7,303,33.333333333333336,56.25,43.30127018922194,100.0,100.0,100.0
air_freshener_dispenser::wrong_1,air_freshener_dispenser,human_wrong,1,33.333333333333336,100.0,57.735026918962575,33.333333333333336,40.0,36.51483716701107
air_freshener_dispenser::wrong_2,air_freshener_dispenser,human_wrong,2,83.33333333333334,100.0,91.28709291752769,75.0,100.0,86.60254037844386
air_freshener_dispenser::wrong_3,air_freshener_dispenser,human_wrong,3,44.44444444444445,100.0,66.66666666666667,20.0,66.66666666666666,36.51483716701107
aromatic_cube_leaf::cosmos_3__101,aromatic_cube_leaf,cosmos_3,101,22.222222222222225,2.75,7.817359599705717,33.333333333333336,83.33333333333334,52.70462766947299
aromatic_cube_leaf::cosmos_3__303,aromatic_cube_leaf,cosmos_3,303,22.166666666666668,0.0,0.0,22.222222222222218,0.0,0.0
aromatic_cube_leaf::grok_imagine_video_1_5__101,aromatic_cube_leaf,grok_imagine_video_1_5,101,61.0,54.125,57.459768534166585,66.66666666666667,91.66666666666666,78.17359599705716
aromatic_cube_leaf::grok_imagine_video_1_5__202,aromatic_cube_leaf,grok_imagine_video_1_5,202,100.0,86.08333333333333,92.78110439811186,100.0,100.0,100.0
aromatic_cube_leaf::grok_imagine_video_1_5__303,aromatic_cube_leaf,grok_imagine_video_1_5,303,100.0,83.33333333333333,91.28709291752767,100.0,100.0,100.0
aromatic_cube_leaf::kling_v3_pro__101,aromatic_cube_leaf,kling_v3_pro,101,55.5,75.0,64.5174395028197,100.0,100.0,100.0
aromatic_cube_leaf::kling_v3_pro__202,aromatic_cube_leaf,kling_v3_pro,202,94.5,91.625,93.05139708784603,77.77777777777779,100.0,88.19171036881968
aromatic_cube_leaf::kling_v3_pro__303,aromatic_cube_leaf,kling_v3_pro,303,92.55555555555556,91.66666666666667,92.11003886254342,100.0,100.0,100.0
aromatic_cube_leaf::minimax_h3__101,aromatic_cube_leaf,minimax_h3,101,100.0,100.0,100.0,100.0,100.0,100.0
aromatic_cube_leaf::minimax_h3__202,aromatic_cube_leaf,minimax_h3,202,100.0,100.0,100.0,66.66666666666667,100.0,81.64965809277261
aromatic_cube_leaf::minimax_h3__303,aromatic_cube_leaf,minimax_h3,303,100.0,100.0,100.0,100.0,100.0,100.0
aromatic_cube_leaf::seedance_2_0__101,aromatic_cube_leaf,seedance_2_0,101,100.0,100.0,100.0,100.0,100.0,100.0
aromatic_cube_leaf::seedance_2_0__202,aromatic_cube_leaf,seedance_2_0,202,61.16666666666667,100.0,78.20912137766712,66.66666666666667,100.0,81.64965809277261
aromatic_cube_leaf::seedance_2_0__303,aromatic_cube_leaf,seedance_2_0,303,89.0,83.375,86.14159854565041,100.0,100.0,100.0
aromatic_cube_leaf::wan_2_7__101,aromatic_cube_leaf,wan_2_7,101,33.333333333333336,0.0,0.0,66.66666666666667,100.0,81.64965809277261
aromatic_cube_leaf::wan_2_7__202,aromatic_cube_leaf,wan_2_7,202,22.333333333333336,8.375,13.676317730539411,44.444444444444436,66.66666666666666,54.43310539518173
aromatic_cube_leaf::wan_2_7__303,aromatic_cube_leaf,wan_2_7,303,33.333333333333336,2.75,9.574271077563381,22.222222222222218,33.33333333333333,27.216552697590863
aromatic_cube_leaf::wrong_1,aromatic_cube_leaf,human_wrong,1,66.66666666666667,100.0,81.64965809277261,66.66666666666667,100.0,81.64965809277261
aromatic_cube_leaf::wrong_2,aromatic_cube_leaf,human_wrong,2,89.0,100.0,94.33981132056604,77.77777777777779,100.0,88.19171036881968
aromatic_cube_leaf::wrong_3,aromatic_cube_leaf,human_wrong,3,33.333333333333336,100.0,57.735026918962575,66.66666666666667,100.0,81.64965809277261
banknote_card_coin::cosmos_3__202,banknote_card_coin,cosmos_3,202,10.833333333333336,0.0,0.0,0.0,0.0,0.0
banknote_card_coin::cosmos_3__303,banknote_card_coin,cosmos_3,303,8.333333333333334,0.0,0.0,66.66666666666667,0.0,0.0
banknote_card_coin::grok_imagine_video_1_5__101,banknote_card_coin,grok_imagine_video_1_5,101,33.333333333333336,50.0,40.824829046386306,58.333333333333336,50.0,54.00617248673217
banknote_card_coin::grok_imagine_video_1_5__202,banknote_card_coin,grok_imagine_video_1_5,202,75.0,50.0,61.237243569579455,100.0,100.0,100.0
banknote_card_coin::grok_imagine_video_1_5__303,banknote_card_coin,grok_imagine_video_1_5,303,54.16666666666667,12.5,26.02082499332666,75.0,100.0,86.60254037844386
banknote_card_coin::kling_v3_pro__101,banknote_card_coin,kling_v3_pro,101,79.16666666666667,73.375,76.21583934240091,41.666666666666664,100.0,64.54972243679028
banknote_card_coin::kling_v3_pro__202,banknote_card_coin,kling_v3_pro,202,58.333333333333336,33.25,44.04070087241271,58.333333333333336,100.0,76.37626158259734
banknote_card_coin::kling_v3_pro__303,banknote_card_coin,kling_v3_pro,303,60.00000000000001,66.75,63.28506932918696,33.333333333333336,100.0,57.735026918962575
banknote_card_coin::minimax_h3__101,banknote_card_coin,minimax_h3,101,44.333333333333336,50.0,47.08148963941845,75.0,100.0,86.60254037844386
banknote_card_coin::minimax_h3__202,banknote_card_coin,minimax_h3,202,100.0,80.0,89.44271909999159,91.66666666666667,100.0,95.74271077563381
banknote_card_coin::minimax_h3__303,banknote_card_coin,minimax_h3,303,44.333333333333336,0.0,0.0,75.0,91.66666666666666,82.91561975888499
banknote_card_coin::seedance_2_0__101,banknote_card_coin,seedance_2_0,101,75.0,62.5,68.46531968814577,75.0,100.0,86.60254037844386
banknote_card_coin::seedance_2_0__202,banknote_card_coin,seedance_2_0,202,33.333333333333336,68.75,47.871355387816905,100.0,100.0,100.0
banknote_card_coin::seedance_2_0__303,banknote_card_coin,seedance_2_0,303,33.333333333333336,66.25,46.99290726623895,83.33333333333333,75.0,79.05694150420949
banknote_card_coin::wan_2_7__101,banknote_card_coin,wan_2_7,101,35.833333333333336,38.375,37.08239699192417,75.0,81.25,78.06247497997998
banknote_card_coin::wan_2_7__202,banknote_card_coin,wan_2_7,202,36.111111111111114,26.666666666666668,31.031644541708758,58.333333333333336,100.0,76.37626158259734
banknote_card_coin::wan_2_7__303,banknote_card_coin,wan_2_7,303,100.0,30.0,54.772255750516614,75.0,100.0,86.60254037844386
banknote_card_coin::wrong_1,banknote_card_coin,human_wrong,1,52.22222222222223,85.0,66.62498697102228,58.333333333333336,100.0,76.37626158259734
banknote_card_coin::wrong_2,banknote_card_coin,human_wrong,2,67.5,100.0,82.15838362577492,75.0,75.0,75.0
candle_lighter::cosmos_3__101,candle_lighter,cosmos_3,101,8.333333333333334,0.0,0.0,0.0,0.0,0.0
candle_lighter::grok_imagine_video_1_5__101,candle_lighter,grok_imagine_video_1_5,101,33.333333333333336,68.75,47.871355387816905,83.33333333333333,100.0,91.28709291752767
candle_lighter::grok_imagine_video_1_5__202,candle_lighter,grok_imagine_video_1_5,202,33.333333333333336,0.0,0.0,100.0,0.0,0.0
candle_lighter::grok_imagine_video_1_5__303,candle_lighter,grok_imagine_video_1_5,303,75.0,62.5,68.46531968814577,100.0,75.0,86.60254037844386
candle_lighter::kling_v3_pro__101,candle_lighter,kling_v3_pro,101,41.66666666666667,100.0,64.54972243679029,66.66666666666667,100.0,81.64965809277261
candle_lighter::minimax_h3__101,candle_lighter,minimax_h3,101,25.0,0.0,0.0,100.0,75.0,86.60254037844386
candle_lighter::minimax_h3__303,candle_lighter,minimax_h3,303,50.0,0.0,0.0,41.666666666666664,100.0,64.54972243679028
candle_lighter::seedance_2_0__202,candle_lighter,seedance_2_0,202,83.33333333333334,75.0,79.05694150420949,100.0,100.0,100.0
candle_lighter::wan_2_7__202,candle_lighter,wan_2_7,202,33.333333333333336,25.0,28.867513459481287,66.66666666666667,75.0,70.71067811865476
candle_lighter::wrong_2,candle_lighter,human_wrong,2,91.66666666666667,100.0,95.74271077563381,66.66666666666667,100.0,81.64965809277261
candle_lighter::wrong_3,candle_lighter,human_wrong,3,66.66666666666667,100.0,81.64965809277261,50.0,100.0,70.71067811865476
coffee_beans::seedance_2_0__202,coffee_beans,seedance_2_0,202,100.0,83.25,91.2414379544733,100.0,100.0,100.0
coffee_beans::seedance_2_0__303,coffee_beans,seedance_2_0,303,100.0,100.0,100.0,100.0,100.0,100.0
cooking_oil::cosmos_3__101,cooking_oil,cosmos_3,101,12.5,0.0,0.0,33.333333333333336,0.0,0.0
cooking_oil::cosmos_3__303,cooking_oil,cosmos_3,303,8.333333333333334,25.0,14.433756729740644,8.333333333333334,0.0,0.0
cooking_oil::grok_imagine_video_1_5__101,cooking_oil,grok_imagine_video_1_5,101,50.0,25.0,35.35533905932738,55.555555555555564,91.66666666666666,71.36240321480628
cooking_oil::grok_imagine_video_1_5__202,cooking_oil,grok_imagine_video_1_5,202,50.0,45.833333333333336,47.871355387816905,50.0,100.0,70.71067811865476
cooking_oil::grok_imagine_video_1_5__303,cooking_oil,grok_imagine_video_1_5,303,54.16666666666667,58.375,56.23147843216171,75.0,75.0,75.0
cooking_oil::kling_v3_pro__101,cooking_oil,kling_v3_pro,101,52.22222222222223,53.333333333333336,52.77485372016852,100.0,75.0,86.60254037844386
cooking_oil::kling_v3_pro__202,cooking_oil,kling_v3_pro,202,37.5,50.0,43.30127018922193,22.222222222222218,50.0,33.33333333333333
cooking_oil::kling_v3_pro__303,cooking_oil,kling_v3_pro,303,12.5,30.0,19.364916731037084,33.333333333333336,50.0,40.824829046386306
cooking_oil::minimax_h3__101,cooking_oil,minimax_h3,101,66.66666666666667,50.0,57.735026918962575,50.0,83.33333333333334,64.54972243679029
cooking_oil::minimax_h3__202,cooking_oil,minimax_h3,202,33.333333333333336,33.25,33.291640592396966,50.0,50.0,50.0
cooking_oil::wan_2_7__101,cooking_oil,wan_2_7,101,50.0,84.375,64.9519052838329,55.555555555555564,91.66666666666666,71.36240321480628
cooking_oil::wan_2_7__202,cooking_oil,wan_2_7,202,50.0,40.25,44.8608961123159,33.333333333333336,93.75,55.90169943749474
cooking_oil::wan_2_7__303,cooking_oil,wan_2_7,303,38.88888888888889,38.916666666666664,38.90277529850442,22.222222222222218,75.0,40.8248290463863
cooking_oil::wrong_1,cooking_oil,human_wrong,1,45.833333333333336,100.0,67.70032003863301,58.333333333333336,66.66666666666666,62.36095644623236
cooking_oil::wrong_2,cooking_oil,human_wrong,2,52.77777777777778,100.0,72.64831572567789,50.0,91.66666666666666,67.700320038633
cooking_oil::wrong_3,cooking_oil,human_wrong,3,63.83333333333334,91.625,76.47698455526779,55.555555555555564,100.0,74.535599249993
cut_chocolate_bar::cosmos_3__101,cut_chocolate_bar,cosmos_3,101,13.333333333333334,0.0,0.0,5.5555555555555545,0.0,0.0
cut_chocolate_bar::cosmos_3__202,cut_chocolate_bar,cosmos_3,202,36.66666666666667,0.0,0.0,50.0,10.0,22.360679774997898
cut_chocolate_bar::cosmos_3__303,cut_chocolate_bar,cosmos_3,303,33.333333333333336,33.25,33.291640592396966,16.666666666666668,16.666666666666664,16.666666666666668
cut_chocolate_bar::grok_imagine_video_1_5__101,cut_chocolate_bar,grok_imagine_video_1_5,101,46.66666666666667,18.75,29.580398915498083,61.11111111111111,50.0,55.27707983925666
cut_chocolate_bar::grok_imagine_video_1_5__202,cut_chocolate_bar,grok_imagine_video_1_5,202,90.0,27.5,49.749371855331,100.0,62.5,79.05694150420949
cut_chocolate_bar::grok_imagine_video_1_5__303,cut_chocolate_bar,grok_imagine_video_1_5,303,33.333333333333336,12.5,20.412414523193153,55.555555555555564,58.333333333333336,56.92750425533111
cut_chocolate_bar::kling_v3_pro__101,cut_chocolate_bar,kling_v3_pro,101,93.33333333333333,80.0,86.40987597877147,66.66666666666667,83.33333333333334,74.535599249993
cut_chocolate_bar::kling_v3_pro__202,cut_chocolate_bar,kling_v3_pro,202,33.333333333333336,25.0,28.867513459481287,83.33333333333333,100.0,91.28709291752767
cut_chocolate_bar::kling_v3_pro__303,cut_chocolate_bar,kling_v3_pro,303,66.66666666666667,17.5,34.15650255319866,83.33333333333333,87.5,85.39125638299664
cut_chocolate_bar::minimax_h3__101,cut_chocolate_bar,minimax_h3,101,73.33333333333334,65.0,69.04105059069326,38.88888888888889,100.0,62.36095644623236
cut_chocolate_bar::minimax_h3__202,cut_chocolate_bar,minimax_h3,202,26.66666666666667,58.25,39.412350010286545,44.444444444444436,70.83333333333334,56.10836076867821
cut_chocolate_bar::seedance_2_0__101,cut_chocolate_bar,seedance_2_0,101,33.333333333333336,37.5,35.35533905932738,83.33333333333333,75.0,79.05694150420949
cut_chocolate_bar::seedance_2_0__202,cut_chocolate_bar,seedance_2_0,202,56.66666666666667,34.375,44.13520892288454,100.0,83.33333333333334,91.28709291752769
cut_chocolate_bar::seedance_2_0__303,cut_chocolate_bar,seedance_2_0,303,80.0,57.5,67.82329983125268,83.33333333333333,100.0,91.28709291752767
cut_chocolate_bar::wan_2_7__101,cut_chocolate_bar,wan_2_7,101,80.0,56.25,67.08203932499369,83.33333333333333,50.0,64.54972243679028
cut_chocolate_bar::wan_2_7__202,cut_chocolate_bar,wan_2_7,202,60.00000000000001,0.0,0.0,33.333333333333336,33.33333333333333,33.333333333333336
cut_chocolate_bar::wan_2_7__303,cut_chocolate_bar,wan_2_7,303,46.66666666666667,43.75,45.1848057057532,83.33333333333333,33.33333333333333,52.704627669472984
cut_chocolate_bar::wrong_1,cut_chocolate_bar,human_wrong,1,60.00000000000001,100.0,77.45966692414834,27.777777777777782,100.0,52.70462766947299
cut_chocolate_bar::wrong_3,cut_chocolate_bar,human_wrong,3,80.0,100.0,89.44271909999159,44.444444444444436,100.0,66.66666666666666
desk_mat_tablet::cosmos_3__101,desk_mat_tablet,cosmos_3,101,22.333333333333336,0.0,0.0,33.333333333333336,100.0,57.735026918962575
desk_mat_tablet::cosmos_3__202,desk_mat_tablet,cosmos_3,202,11.000000000000002,50.0,23.45207879911715,0.0,100.0,0.0
desk_mat_tablet::grok_imagine_video_1_5__101,desk_mat_tablet,grok_imagine_video_1_5,101,33.333333333333336,75.0,50.0,100.0,100.0,100.0
desk_mat_tablet::grok_imagine_video_1_5__202,desk_mat_tablet,grok_imagine_video_1_5,202,33.333333333333336,50.0,40.824829046386306,100.0,66.66666666666666,81.6496580927726
desk_mat_tablet::minimax_h3__101,desk_mat_tablet,minimax_h3,101,46.666666666666664,70.0,57.154760664940824,100.0,100.0,100.0
desk_mat_tablet::minimax_h3__202,desk_mat_tablet,minimax_h3,202,33.333333333333336,50.0,40.824829046386306,100.0,66.66666666666666,81.6496580927726
desk_mat_tablet::seedance_2_0__303,desk_mat_tablet,seedance_2_0,303,6.666666666666668,5.0,5.773502691896258,83.33333333333333,100.0,91.28709291752767
desk_mat_tablet::wan_2_7__101,desk_mat_tablet,wan_2_7,101,44.333333333333336,50.0,47.08148963941845,77.77777777777779,75.0,76.37626158259734
desk_mat_tablet::wrong_2,desk_mat_tablet,human_wrong,2,44.333333333333336,100.0,66.58328118479393,33.333333333333336,0.0,0.0
desk_mat_tablet::wrong_3,desk_mat_tablet,human_wrong,3,66.66666666666667,100.0,81.64965809277261,83.33333333333333,100.0,91.28709291752767
dish_washdry::cosmos_3__101,dish_washdry,cosmos_3,101,10.0,0.0,0.0,14.285714285714285,100.0,37.79644730092272
dish_washdry::kling_v3_pro__202,dish_washdry,kling_v3_pro,202,66.66666666666667,85.75,75.60864148142504,100.0,85.71428571428571,92.58200997725514
dish_washdry::kling_v3_pro__303,dish_washdry,kling_v3_pro,303,26.66666666666667,100.0,51.63977794943223,33.333333333333336,100.0,57.735026918962575
dish_washdry::minimax_h3__202,dish_washdry,minimax_h3,202,18.66666666666667,41.75,27.91654228828014,40.0,83.33333333333334,57.73502691896258
dish_washdry::seedance_2_0__101,dish_washdry,seedance_2_0,101,60.00000000000001,83.25,70.67531393633848,38.095238095238095,100.0,61.72133998483677
dish_washdry::seedance_2_0__202,dish_washdry,seedance_2_0,202,86.66666666666667,83.25,84.94115610232768,86.66666666666667,100.0,93.09493362512629
dish_washdry::wan_2_7__101,dish_washdry,wan_2_7,101,41.66666666666667,55.0,47.871355387816905,86.66666666666667,100.0,93.09493362512629
dish_washdry::wrong_2,dish_washdry,human_wrong,2,87.83333333333334,97.5,92.54053166045676,40.0,100.0,63.245553203367585
double_shoe_box::cosmos_3__101,double_shoe_box,cosmos_3,101,26.666666666666668,0.0,0.0,20.0,25.0,22.360679774997898
double_shoe_box::cosmos_3__202,double_shoe_box,cosmos_3,202,40.0,0.0,0.0,80.0,0.0,0.0
double_shoe_box::cosmos_3__303,double_shoe_box,cosmos_3,303,33.333333333333336,0.0,0.0,26.666666666666668,60.0,40.0
double_shoe_box::grok_imagine_video_1_5__101,double_shoe_box,grok_imagine_video_1_5,101,46.66666666666667,29.125,36.866877636527164,46.666666666666664,60.0,52.91502622129181
double_shoe_box::grok_imagine_video_1_5__202,double_shoe_box,grok_imagine_video_1_5,202,33.33333333333333,70.0,48.30458915396479,6.666666666666667,20.0,11.547005383792516
double_shoe_box::grok_imagine_video_1_5__303,double_shoe_box,grok_imagine_video_1_5,303,100.0,70.0,83.66600265340756,80.0,100.0,89.44271909999159
double_shoe_box::kling_v3_pro__101,double_shoe_box,kling_v3_pro,101,100.0,85.0,92.19544457292888,100.0,100.0,100.0
double_shoe_box::kling_v3_pro__202,double_shoe_box,kling_v3_pro,202,28.88888888888889,55.0,39.86086914367133,60.0,100.0,77.45966692414834
double_shoe_box::kling_v3_pro__303,double_shoe_box,kling_v3_pro,303,80.0,75.0,77.45966692414834,80.0,75.0,77.45966692414834
double_shoe_box::minimax_h3__101,double_shoe_box,minimax_h3,101,100.0,70.0,83.66600265340756,100.0,100.0,100.0
double_shoe_box::minimax_h3__202,double_shoe_box,minimax_h3,202,100.0,90.0,94.86832980505137,100.0,100.0,100.0
double_shoe_box::minimax_h3__303,double_shoe_box,minimax_h3,303,100.0,70.0,83.66600265340756,100.0,100.0,100.0
double_shoe_box::seedance_2_0__101,double_shoe_box,seedance_2_0,101,76.66666666666667,60.0,67.82329983125268,80.0,100.0,89.44271909999159
double_shoe_box::seedance_2_0__202,double_shoe_box,seedance_2_0,202,93.33333333333334,53.333333333333336,70.55336829505575,100.0,80.0,89.44271909999159
double_shoe_box::seedance_2_0__303,double_shoe_box,seedance_2_0,303,33.333333333333336,80.0,51.63977794943223,80.0,100.0,89.44271909999159
double_shoe_box::wan_2_7__101,double_shoe_box,wan_2_7,101,56.66666666666667,50.833333333333336,53.67080729368207,80.0,100.0,89.44271909999159
double_shoe_box::wan_2_7__202,double_shoe_box,wan_2_7,202,63.33333333333334,26.25,40.77376607575023,80.0,50.0,63.245553203367585
double_shoe_box::wan_2_7__303,double_shoe_box,wan_2_7,303,56.66666666666667,50.0,53.22906474223771,80.0,40.0,56.568542494923804
double_shoe_box::wrong_1,double_shoe_box,human_wrong,1,43.33333333333333,100.0,65.82805886043833,26.666666666666668,66.66666666666666,42.16370213557839
double_shoe_box::wrong_2,double_shoe_box,human_wrong,2,80.0,87.5,83.66600265340756,80.0,80.0,80.0
double_shoe_box::wrong_3,double_shoe_box,human_wrong,3,57.77777777777779,66.66666666666667,62.06328908341752,60.0,75.0,67.08203932499369
egg_candy_air_fryer::cosmos_3__101,egg_candy_air_fryer,cosmos_3,101,53.33333333333334,25.0,36.51483716701107,33.333333333333336,33.33333333333333,33.333333333333336
egg_candy_air_fryer::cosmos_3__202,egg_candy_air_fryer,cosmos_3,202,20.0,20.75,20.37154878746336,33.333333333333336,100.0,57.735026918962575
egg_candy_air_fryer::cosmos_3__303,egg_candy_air_fryer,cosmos_3,303,22.166666666666668,4.125,9.56229574945264,20.0,20.0,20.0
egg_candy_air_fryer::grok_imagine_video_1_5__101,egg_candy_air_fryer,grok_imagine_video_1_5,101,97.77777777777777,90.0,93.8083151964686,100.0,100.0,100.0
egg_candy_air_fryer::grok_imagine_video_1_5__202,egg_candy_air_fryer,grok_imagine_video_1_5,202,100.0,90.0,94.86832980505137,93.33333333333333,100.0,96.60917830792958
egg_candy_air_fryer::grok_imagine_video_1_5__303,egg_candy_air_fryer,grok_imagine_video_1_5,303,90.0,80.25,84.98529284529177,93.33333333333333,100.0,96.60917830792958
egg_candy_air_fryer::kling_v3_pro__101,egg_candy_air_fryer,kling_v3_pro,101,100.0,90.25,95.0,86.66666666666667,100.0,93.09493362512629
egg_candy_air_fryer::kling_v3_pro__202,egg_candy_air_fryer,kling_v3_pro,202,100.0,95.0,97.46794344808964,100.0,100.0,100.0
egg_candy_air_fryer::kling_v3_pro__303,egg_candy_air_fryer,kling_v3_pro,303,100.0,94.41666666666667,97.1682389809894,100.0,100.0,100.0
egg_candy_air_fryer::minimax_h3__101,egg_candy_air_fryer,minimax_h3,101,100.0,80.0,89.44271909999159,100.0,100.0,100.0
egg_candy_air_fryer::minimax_h3__202,egg_candy_air_fryer,minimax_h3,202,46.666666666666664,33.25,39.39120037097964,20.0,100.0,44.721359549995796
egg_candy_air_fryer::seedance_2_0__101,egg_candy_air_fryer,seedance_2_0,101,100.0,81.625,90.34655499796325,100.0,100.0,100.0
egg_candy_air_fryer::seedance_2_0__202,egg_candy_air_fryer,seedance_2_0,202,100.0,100.0,100.0,100.0,100.0,100.0
egg_candy_air_fryer::seedance_2_0__303,egg_candy_air_fryer,seedance_2_0,303,100.0,70.0,83.66600265340756,100.0,100.0,100.0
egg_candy_air_fryer::wan_2_7__101,egg_candy_air_fryer,wan_2_7,101,93.33333333333333,80.0,86.40987597877147,93.33333333333333,100.0,96.60917830792958
egg_candy_air_fryer::wan_2_7__202,egg_candy_air_fryer,wan_2_7,202,100.0,68.375,82.68917704270613,93.33333333333333,80.0,86.40987597877147
egg_candy_air_fryer::wan_2_7__303,egg_candy_air_fryer,wan_2_7,303,100.0,100.0,100.0,100.0,100.0,100.0
egg_candy_air_fryer::wrong_1,egg_candy_air_fryer,human_wrong,1,50.0,78.58333333333333,62.68306523030496,40.0,100.0,63.245553203367585
egg_candy_air_fryer::wrong_2,egg_candy_air_fryer,human_wrong,2,65.0,70.875,67.8739640804926,73.33333333333334,90.0,81.24038404635961
egg_candy_air_fryer::wrong_3,egg_candy_air_fryer,human_wrong,3,33.333333333333336,100.0,57.735026918962575,73.33333333333334,90.0,81.24038404635961
egg_sauce_container::cosmos_3__101,egg_sauce_container,cosmos_3,101,9.5,0.0,0.0,11.111111111111109,50.0,23.57022603955158
egg_sauce_container::cosmos_3__202,egg_sauce_container,cosmos_3,202,4.666666666666668,0.0,0.0,33.333333333333336,33.33333333333333,33.333333333333336
egg_sauce_container::cosmos_3__303,egg_sauce_container,cosmos_3,303,4.4444444444444455,0.0,0.0,0.0,100.0,0.0
egg_sauce_container::grok_imagine_video_1_5__202,egg_sauce_container,grok_imagine_video_1_5,202,48.111111111111114,24.0,33.980386499665755,46.666666666666664,83.33333333333334,62.36095644623236
egg_sauce_container::grok_imagine_video_1_5__303,egg_sauce_container,grok_imagine_video_1_5,303,45.33333333333334,32.5,38.38402445462609,80.0,100.0,89.44271909999159
egg_sauce_container::kling_v3_pro__101,egg_sauce_container,kling_v3_pro,101,54.44444444444445,59.75,57.035563954041486,100.0,100.0,100.0
egg_sauce_container::kling_v3_pro__202,egg_sauce_container,kling_v3_pro,202,43.00000000000001,50.0,46.36809247747853,60.0,83.33333333333334,70.71067811865476
egg_sauce_container::kling_v3_pro__303,egg_sauce_container,kling_v3_pro,303,28.666666666666668,100.0,53.541261347363374,50.0,100.0,70.71067811865476
egg_sauce_container::minimax_h3__101,egg_sauce_container,minimax_h3,101,57.0,46.5,51.483006905191544,60.0,100.0,77.45966692414834
egg_sauce_container::seedance_2_0__101,egg_sauce_container,seedance_2_0,101,66.66666666666667,62.5,64.54972243679029,88.88888888888887,100.0,94.28090415820633
egg_sauce_container::seedance_2_0__202,egg_sauce_container,seedance_2_0,202,33.333333333333336,72.5,49.15960401250876,100.0,100.0,100.0
egg_sauce_container::seedance_2_0__303,egg_sauce_container,seedance_2_0,303,46.66666666666667,42.25,44.40345331915826,83.33333333333333,100.0,91.28709291752767
egg_sauce_container::wan_2_7__101,egg_sauce_container,wan_2_7,101,76.33333333333334,0.0,0.0,100.0,100.0,100.0
egg_sauce_container::wan_2_7__202,egg_sauce_container,wan_2_7,202,54.33333333333334,54.75,54.54126877878805,100.0,66.66666666666666,81.6496580927726
egg_sauce_container::wan_2_7__303,egg_sauce_container,wan_2_7,303,41.5,65.625,52.18656436287026,60.0,100.0,77.45966692414834
egg_sauce_container::wrong_1,egg_sauce_container,human_wrong,1,71.33333333333334,100.0,84.45906306213286,22.222222222222218,100.0,47.14045207910316
egg_sauce_container::wrong_3,egg_sauce_container,human_wrong,3,95.33333333333334,100.0,97.6387901058454,20.0,75.0,38.72983346207417
handcuffs_stethoscope::cosmos_3__202,handcuffs_stethoscope,cosmos_3,202,13.333333333333336,0.0,0.0,6.666666666666667,0.0,0.0
handcuffs_stethoscope::cosmos_3__303,handcuffs_stethoscope,cosmos_3,303,13.333333333333336,10.0,11.547005383792516,26.666666666666668,50.0,36.51483716701107
handcuffs_stethoscope::grok_imagine_video_1_5__101,handcuffs_stethoscope,grok_imagine_video_1_5,101,33.333333333333336,15.0,22.360679774997898,86.66666666666667,70.0,77.88880963698615
handcuffs_stethoscope::grok_imagine_video_1_5__202,handcuffs_stethoscope,grok_imagine_video_1_5,202,60.00000000000001,45.0,51.96152422706632,73.33333333333334,100.0,85.63488385776753
handcuffs_stethoscope::grok_imagine_video_1_5__303,handcuffs_stethoscope,grok_imagine_video_1_5,303,61.00000000000001,30.0,42.77849927241488,73.33333333333334,100.0,85.63488385776753
handcuffs_stethoscope::kling_v3_pro__101,handcuffs_stethoscope,kling_v3_pro,101,63.333333333333336,52.5,57.66281297335398,80.0,100.0,89.44271909999159
handcuffs_stethoscope::kling_v3_pro__303,handcuffs_stethoscope,kling_v3_pro,303,63.33333333333334,67.5,65.3834841531101,100.0,80.0,89.44271909999159
handcuffs_stethoscope::minimax_h3__101,handcuffs_stethoscope,minimax_h3,101,80.0,80.0,80.0,86.66666666666667,100.0,93.09493362512629
handcuffs_stethoscope::seedance_2_0__101,handcuffs_stethoscope,seedance_2_0,101,60.00000000000001,55.00000000000001,57.44562646538029,80.0,90.0,84.8528137423857
handcuffs_stethoscope::seedance_2_0__202,handcuffs_stethoscope,seedance_2_0,202,33.333333333333336,20.0,25.819888974716115,100.0,100.0,100.0
handcuffs_stethoscope::seedance_2_0__303,handcuffs_stethoscope,seedance_2_0,303,53.33333333333334,60.0,56.568542494923804,80.0,100.0,89.44271909999159
handcuffs_stethoscope::wan_2_7__202,handcuffs_stethoscope,wan_2_7,202,60.00000000000001,40.0,48.98979485566357,86.66666666666667,100.0,93.09493362512629
handcuffs_stethoscope::wan_2_7__303,handcuffs_stethoscope,wan_2_7,303,53.33333333333334,25.0,36.51483716701107,86.66666666666667,100.0,93.09493362512629
handcuffs_stethoscope::wrong_1,handcuffs_stethoscope,human_wrong,1,89.0,90.0,89.49860334105779,80.0,80.0,80.0
handcuffs_stethoscope::wrong_2,handcuffs_stethoscope,human_wrong,2,33.333333333333336,100.0,57.735026918962575,53.333333333333336,60.0,56.568542494923804
handcuffs_stethoscope::wrong_3,handcuffs_stethoscope,human_wrong,3,41.66666666666667,62.5,51.03103630798288,60.0,75.0,67.08203932499369
kendama_can::cosmos_3__101,kendama_can,cosmos_3,101,0.0,0.0,0.0,22.222222222222218,0.0,0.0
kendama_can::cosmos_3__303,kendama_can,cosmos_3,303,0.0,0.0,0.0,0.0,0.0,0.0
kendama_can::grok_imagine_video_1_5__101,kendama_can,grok_imagine_video_1_5,101,77.83333333333334,45.875,59.75453260353282,100.0,100.0,100.0
kendama_can::grok_imagine_video_1_5__202,kendama_can,grok_imagine_video_1_5,202,94.5,20.75,44.281768257376534,100.0,100.0,100.0
kendama_can::grok_imagine_video_1_5__303,kendama_can,grok_imagine_video_1_5,303,77.66666666666667,58.375,67.33343646856788,77.77777777777779,100.0,88.19171036881968
kendama_can::kling_v3_pro__101,kendama_can,kling_v3_pro,101,72.33333333333334,33.375,49.13374604078138,100.0,100.0,100.0
kendama_can::kling_v3_pro__202,kendama_can,kling_v3_pro,202,59.333333333333336,77.75,67.92029642652237,55.555555555555564,100.0,74.535599249993
kendama_can::kling_v3_pro__303,kendama_can,kling_v3_pro,303,44.5,54.25,49.13374604078138,66.66666666666667,100.0,81.64965809277261
kendama_can::minimax_h3__101,kendama_can,minimax_h3,101,89.0,41.75,60.95695202353871,55.555555555555564,83.33333333333334,68.04138174397717
kendama_can::minimax_h3__202,kendama_can,minimax_h3,202,83.33333333333334,62.5,72.16878364870323,44.444444444444436,100.0,66.66666666666666
kendama_can::minimax_h3__303,kendama_can,minimax_h3,303,44.333333333333336,0.0,0.0,33.333333333333336,50.0,40.824829046386306
kendama_can::seedance_2_0__101,kendama_can,seedance_2_0,101,70.44444444444444,52.833333333333336,61.00667844437046,100.0,100.0,100.0
kendama_can::seedance_2_0__202,kendama_can,seedance_2_0,202,66.77777777777779,44.416666666666664,54.46142025596006,66.66666666666667,100.0,81.64965809277261
kendama_can::seedance_2_0__303,kendama_can,seedance_2_0,303,55.5,29.125,40.204943725865355,77.77777777777779,100.0,88.19171036881968
kendama_can::wan_2_7__101,kendama_can,wan_2_7,101,33.333333333333336,0.0,0.0,44.444444444444436,16.666666666666664,27.216552697590863
kendama_can::wan_2_7__202,kendama_can,wan_2_7,202,55.66666666666667,0.0,0.0,77.77777777777779,83.33333333333334,80.50764858994133
kendama_can::wan_2_7__303,kendama_can,wan_2_7,303,27.833333333333336,18.75,22.844583603121333,44.444444444444436,0.0,0.0
kendama_can::wrong_1,kendama_can,human_wrong,1,77.83333333333334,100.0,88.22320178577364,44.444444444444436,100.0,66.66666666666666
kendama_can::wrong_2,kendama_can,human_wrong,2,77.66666666666667,100.0,88.12869377601524,66.66666666666667,100.0,81.64965809277261
kendama_can::wrong_3,kendama_can,human_wrong,3,44.333333333333336,100.0,66.58328118479393,33.333333333333336,50.0,40.824829046386306
key_lanyard::cosmos_3__101,key_lanyard,cosmos_3,101,10.0,0.0,0.0,41.666666666666664,0.0,0.0
key_lanyard::cosmos_3__202,key_lanyard,cosmos_3,202,11.111111111111114,0.0,0.0,8.333333333333334,0.0,0.0
key_lanyard::cosmos_3__303,key_lanyard,cosmos_3,303,11.111111111111114,0.0,0.0,25.0,0.0,0.0
key_lanyard::grok_imagine_video_1_5__101,key_lanyard,grok_imagine_video_1_5,101,86.66666666666667,55.0,69.04105059069326,83.33333333333333,80.0,81.6496580927726
key_lanyard::grok_imagine_video_1_5__202,key_lanyard,grok_imagine_video_1_5,202,46.66666666666667,37.5,41.83300132670378,66.66666666666667,37.5,50.0
key_lanyard::grok_imagine_video_1_5__303,key_lanyard,grok_imagine_video_1_5,303,70.0,47.5,57.66281297335398,50.0,80.0,63.245553203367585
key_lanyard::kling_v3_pro__101,key_lanyard,kling_v3_pro,101,33.333333333333336,65.0,46.547466812563144,75.0,80.0,77.45966692414834
key_lanyard::kling_v3_pro__202,key_lanyard,kling_v3_pro,202,93.33333333333333,50.0,68.31300510639731,100.0,100.0,100.0
key_lanyard::kling_v3_pro__303,key_lanyard,kling_v3_pro,303,73.33333333333334,46.625,58.47364078511502,100.0,100.0,100.0
key_lanyard::minimax_h3__101,key_lanyard,minimax_h3,101,33.333333333333336,50.0,40.824829046386306,50.0,60.0,54.772255750516614
key_lanyard::minimax_h3__202,key_lanyard,minimax_h3,202,46.666666666666664,66.75,55.812185049503306,41.666666666666664,100.0,64.54972243679028
key_lanyard::seedance_2_0__101,key_lanyard,seedance_2_0,101,33.333333333333336,62.5,45.64354645876384,100.0,100.0,100.0
key_lanyard::seedance_2_0__202,key_lanyard,seedance_2_0,202,77.77777777777779,50.0,62.36095644623236,50.0,80.0,63.245553203367585
key_lanyard::seedance_2_0__303,key_lanyard,seedance_2_0,303,56.66666666666667,68.75,62.41661103691335,58.333333333333336,100.0,76.37626158259734
key_lanyard::wan_2_7__101,key_lanyard,wan_2_7,101,50.0,41.625,45.62071897723665,53.333333333333336,66.66666666666666,59.62847939999439
key_lanyard::wan_2_7__202,key_lanyard,wan_2_7,202,35.555555555555564,25.833333333333332,30.30707043774635,16.666666666666668,58.333333333333336,31.18047822311618
key_lanyard::wan_2_7__303,key_lanyard,wan_2_7,303,56.66666666666667,37.5,46.09772228646444,50.0,100.0,70.71067811865476
key_lanyard::wrong_1,key_lanyard,human_wrong,1,50.0,87.5,66.14378277661477,25.0,66.66666666666666,40.8248290463863
key_lanyard::wrong_2,key_lanyard,human_wrong,2,56.66666666666667,87.5,70.4154339142587,75.0,100.0,86.60254037844386
key_lanyard::wrong_3,key_lanyard,human_wrong,3,43.33333333333333,100.0,65.82805886043833,50.0,100.0,70.71067811865476
laptop_open::cosmos_3__101,laptop_open,cosmos_3,101,33.333333333333336,0.0,0.0,33.333333333333336,0.0,0.0
laptop_open::cosmos_3__202,laptop_open,cosmos_3,202,38.833333333333336,0.0,0.0,33.333333333333336,0.0,0.0
laptop_open::cosmos_3__303,laptop_open,cosmos_3,303,44.333333333333336,0.0,0.0,33.333333333333336,16.666666666666664,23.570226039551585
laptop_open::grok_imagine_video_1_5__101,laptop_open,grok_imagine_video_1_5,101,33.333333333333336,33.25,33.291640592396966,100.0,16.666666666666664,40.8248290463863
laptop_open::grok_imagine_video_1_5__202,laptop_open,grok_imagine_video_1_5,202,63.0,77.75,69.98749888372923,77.77777777777779,100.0,88.19171036881968
laptop_open::grok_imagine_video_1_5__303,laptop_open,grok_imagine_video_1_5,303,33.333333333333336,0.0,0.0,33.333333333333336,0.0,0.0
laptop_open::kling_v3_pro__101,laptop_open,kling_v3_pro,101,44.5,0.0,0.0,33.333333333333336,100.0,57.735026918962575
laptop_open::kling_v3_pro__202,laptop_open,kling_v3_pro,202,100.0,100.0,100.0,100.0,83.33333333333334,91.28709291752769
laptop_open::kling_v3_pro__303,laptop_open,kling_v3_pro,303,33.333333333333336,54.125,42.4754831245822,33.333333333333336,16.666666666666664,23.570226039551585
laptop_open::minimax_h3__101,laptop_open,minimax_h3,101,77.66666666666667,66.75,72.00173609018049,100.0,100.0,100.0
laptop_open::minimax_h3__202,laptop_open,minimax_h3,202,100.0,100.0,100.0,100.0,100.0,100.0
laptop_open::minimax_h3__303,laptop_open,minimax_h3,303,55.66666666666667,75.0,64.61423991660043,55.555555555555564,50.0,52.70462766947299
laptop_open::seedance_2_0__101,laptop_open,seedance_2_0,101,89.0,83.25,86.07700041242144,77.77777777777779,75.0,76.37626158259734
laptop_open::seedance_2_0__202,laptop_open,seedance_2_0,202,100.0,58.25,76.32168761236873,100.0,100.0,100.0
laptop_open::seedance_2_0__303,laptop_open,seedance_2_0,303,33.333333333333336,11.083333333333334,19.220937657784663,77.77777777777779,0.0,0.0
laptop_open::wan_2_7__101,laptop_open,wan_2_7,101,33.333333333333336,55.583333333333336,43.04390523381653,77.77777777777779,100.0,88.19171036881968
laptop_open::wan_2_7__202,laptop_open,wan_2_7,202,41.16666666666667,37.5,39.29058411375428,44.444444444444436,50.0,47.14045207910316
laptop_open::wan_2_7__303,laptop_open,wan_2_7,303,55.66666666666667,16.625,30.42134667192321,33.333333333333336,0.0,0.0
laptop_open::wrong_2,laptop_open,human_wrong,2,68.83333333333334,100.0,82.96585643102429,55.555555555555564,100.0,74.535599249993
laptop_open::wrong_3,laptop_open,human_wrong,3,33.333333333333336,100.0,57.735026918962575,66.66666666666667,66.66666666666666,66.66666666666667
line_marker_calculator::cosmos_3__202,line_marker_calculator,cosmos_3,202,7.777777777777779,1.0833333333333333,2.902744550580696,16.666666666666668,16.666666666666664,16.666666666666668
line_marker_calculator::cosmos_3__303,line_marker_calculator,cosmos_3,303,5.666666666666668,0.0,0.0,11.111111111111109,0.0,0.0
line_marker_calculator::grok_imagine_video_1_5__101,line_marker_calculator,grok_imagine_video_1_5,101,33.333333333333336,37.5,35.35533905932738,66.66666666666667,90.0,77.45966692414834
line_marker_calculator::grok_imagine_video_1_5__202,line_marker_calculator,grok_imagine_video_1_5,202,50.0,68.75,58.63019699779287,55.555555555555564,83.33333333333334,68.04138174397717
line_marker_calculator::grok_imagine_video_1_5__303,line_marker_calculator,grok_imagine_video_1_5,303,41.66666666666667,66.625,52.68815489905361,80.0,100.0,89.44271909999159
line_marker_calculator::kling_v3_pro__101,line_marker_calculator,kling_v3_pro,101,70.0,64.625,67.25882841679596,33.333333333333336,100.0,57.735026918962575
line_marker_calculator::kling_v3_pro__202,line_marker_calculator,kling_v3_pro,202,33.333333333333336,79.25,51.39714648369758,44.444444444444436,100.0,66.66666666666666
line_marker_calculator::kling_v3_pro__303,line_marker_calculator,kling_v3_pro,303,60.00000000000001,70.0,64.80740698407861,61.11111111111111,60.0,60.55300708194983
line_marker_calculator::minimax_h3__101,line_marker_calculator,minimax_h3,101,55.66666666666667,50.0,52.75730597114805,61.11111111111111,50.0,55.27707983925666
line_marker_calculator::minimax_h3__202,line_marker_calculator,minimax_h3,202,13.333333333333336,0.0,0.0,20.0,16.666666666666664,18.257418583505537
line_marker_calculator::seedance_2_0__101,line_marker_calculator,seedance_2_0,101,18.833333333333336,41.625,27.99888390632741,66.66666666666667,87.5,76.37626158259734
line_marker_calculator::seedance_2_0__202,line_marker_calculator,seedance_2_0,202,49.333333333333336,47.875,48.598696827521344,66.66666666666667,100.0,81.64965809277261
line_marker_calculator::wan_2_7__101,line_marker_calculator,wan_2_7,101,40.0,0.0,0.0,66.66666666666667,25.0,40.824829046386306
line_marker_calculator::wan_2_7__202,line_marker_calculator,wan_2_7,202,40.5,12.5,22.5,100.0,100.0,100.0
line_marker_calculator::wan_2_7__303,line_marker_calculator,wan_2_7,303,57.16666666666667,58.375,57.76767406315289,80.0,100.0,89.44271909999159
line_marker_calculator::wrong_1,line_marker_calculator,human_wrong,1,93.33333333333333,100.0,96.60917830792958,60.0,87.5,72.4568837309472
line_marker_calculator::wrong_2,line_marker_calculator,human_wrong,2,61.00000000000001,100.0,78.10249675906655,75.0,75.0,75.0
line_marker_calculator::wrong_3,line_marker_calculator,human_wrong,3,78.83333333333334,100.0,88.78813734578135,77.77777777777779,100.0,88.19171036881968
paper_binder_book::cosmos_3__101,paper_binder_book,cosmos_3,101,11.666666666666668,6.25,8.539125638299666,0.0,0.0,0.0
paper_binder_book::cosmos_3__202,paper_binder_book,cosmos_3,202,13.333333333333336,0.0,0.0,20.0,25.0,22.360679774997898
paper_binder_book::cosmos_3__303,paper_binder_book,cosmos_3,303,12.666666666666668,50.0,25.166114784235834,20.0,0.0,0.0
paper_binder_book::grok_imagine_video_1_5__101,paper_binder_book,grok_imagine_video_1_5,101,33.333333333333336,53.625,42.27883631321941,88.88888888888887,100.0,94.28090415820633
paper_binder_book::grok_imagine_video_1_5__202,paper_binder_book,grok_imagine_video_1_5,202,34.77777777777778,41.666666666666664,38.06670558472422,46.666666666666664,100.0,68.31300510639731
paper_binder_book::grok_imagine_video_1_5__303,paper_binder_book,grok_imagine_video_1_5,303,39.16666666666667,42.5,40.799305549645496,46.666666666666664,56.25,51.234753829797995
paper_binder_book::kling_v3_pro__202,paper_binder_book,kling_v3_pro,202,37.666666666666664,66.75,50.1422975141746,26.666666666666668,100.0,51.63977794943223
paper_binder_book::kling_v3_pro__303,paper_binder_book,kling_v3_pro,303,60.00000000000001,75.0,67.0820393249937,93.33333333333333,75.0,83.66600265340756
paper_binder_book::minimax_h3__101,paper_binder_book,minimax_h3,101,53.33333333333334,60.0,56.568542494923804,41.666666666666664,16.666666666666664,26.352313834736492
paper_binder_book::seedance_2_0__101,paper_binder_book,seedance_2_0,101,63.33333333333333,72.5,67.76183783418706,100.0,83.33333333333334,91.28709291752769
paper_binder_book::seedance_2_0__202,paper_binder_book,seedance_2_0,202,30.5,56.25,41.420103814452226,100.0,83.33333333333334,91.28709291752769
paper_binder_book::seedance_2_0__303,paper_binder_book,seedance_2_0,303,33.333333333333336,83.25,52.67826876426369,50.0,83.33333333333334,64.54972243679029
paper_binder_book::wan_2_7__101,paper_binder_book,wan_2_7,101,39.66666666666667,50.0,44.53463071962463,83.33333333333333,100.0,91.28709291752767
paper_binder_book::wan_2_7__202,paper_binder_book,wan_2_7,202,75.83333333333334,40.625,55.50431664894783,60.0,41.66666666666667,50.00000000000001
paper_binder_book::wan_2_7__303,paper_binder_book,wan_2_7,303,0.0,0.0,0.0,33.333333333333336,20.0,25.819888974716115
paper_binder_book::wrong_1,paper_binder_book,human_wrong,1,58.333333333333336,100.0,76.37626158259734,53.333333333333336,100.0,73.02967433402215
paper_binder_book::wrong_3,paper_binder_book,human_wrong,3,33.333333333333336,100.0,57.735026918962575,46.666666666666664,83.33333333333334,62.36095644623236
racket_backpack::cosmos_3__101,racket_backpack,cosmos_3,101,19.5,0.0,0.0,11.111111111111109,0.0,0.0
racket_backpack::grok_imagine_video_1_5__101,racket_backpack,grok_imagine_video_1_5,101,66.66666666666667,33.25,47.08148963941845,100.0,100.0,100.0
racket_backpack::grok_imagine_video_1_5__202,racket_backpack,grok_imagine_video_1_5,202,33.333333333333336,79.125,51.35659646043534,77.77777777777779,100.0,88.19171036881968
racket_backpack::grok_imagine_video_1_5__303,racket_backpack,grok_imagine_video_1_5,303,89.0,75.0,81.70067319184096,33.333333333333336,100.0,57.735026918962575
racket_backpack::kling_v3_pro__101,racket_backpack,kling_v3_pro,101,51.333333333333336,50.0,50.66228051190222,100.0,100.0,100.0
racket_backpack::kling_v3_pro__202,racket_backpack,kling_v3_pro,202,50.0,100.0,70.71067811865476,33.333333333333336,100.0,57.735026918962575
racket_backpack::kling_v3_pro__303,racket_backpack,kling_v3_pro,303,73.66666666666667,62.5,67.85400995274094,66.66666666666667,100.0,81.64965809277261
racket_backpack::minimax_h3__101,racket_backpack,minimax_h3,101,58.333333333333336,87.5,71.44345083117604,55.555555555555564,100.0,74.535599249993
racket_backpack::seedance_2_0__101,racket_backpack,seedance_2_0,101,33.333333333333336,83.25,52.67826876426369,100.0,100.0,100.0
racket_backpack::seedance_2_0__202,racket_backpack,seedance_2_0,202,100.0,87.5,93.54143466934853,100.0,100.0,100.0
racket_backpack::seedance_2_0__303,racket_backpack,seedance_2_0,303,33.333333333333336,83.25,52.67826876426369,100.0,100.0,100.0
racket_backpack::wan_2_7__101,racket_backpack,wan_2_7,101,66.66666666666667,50.0,57.735026918962575,66.66666666666667,100.0,81.64965809277261
racket_backpack::wan_2_7__202,racket_backpack,wan_2_7,202,61.16666666666667,16.625,31.88880420042955,44.444444444444436,100.0,66.66666666666666
racket_backpack::wan_2_7__303,racket_backpack,wan_2_7,303,50.0,66.75,57.77110004145671,55.555555555555564,100.0,74.535599249993
racket_backpack::wrong_2,racket_backpack,human_wrong,2,44.5,100.0,66.70832032063167,66.66666666666667,80.0,73.02967433402215
racket_backpack::wrong_3,racket_backpack,human_wrong,3,55.66666666666667,100.0,74.61009761866464,66.66666666666667,100.0,81.64965809277261
remote_marker_stand::cosmos_3__101,remote_marker_stand,cosmos_3,101,12.5,0.0,0.0,33.333333333333336,83.33333333333334,52.70462766947299
remote_marker_stand::cosmos_3__202,remote_marker_stand,cosmos_3,202,25.0,0.0,0.0,44.444444444444436,8.333333333333332,19.245008972987524
remote_marker_stand::cosmos_3__303,remote_marker_stand,cosmos_3,303,12.5,0.0,0.0,33.333333333333336,100.0,57.735026918962575
remote_marker_stand::grok_imagine_video_1_5__101,remote_marker_stand,grok_imagine_video_1_5,101,54.16666666666667,50.0,52.04164998665332,100.0,100.0,100.0
remote_marker_stand::grok_imagine_video_1_5__303,remote_marker_stand,grok_imagine_video_1_5,303,54.16666666666667,16.625,30.0086793000514,55.555555555555564,100.0,74.535599249993
remote_marker_stand::kling_v3_pro__101,remote_marker_stand,kling_v3_pro,101,33.333333333333336,71.875,48.947250518628046,55.555555555555564,100.0,74.535599249993
remote_marker_stand::kling_v3_pro__202,remote_marker_stand,kling_v3_pro,202,100.0,54.125,73.56969484781081,100.0,100.0,100.0
remote_marker_stand::kling_v3_pro__303,remote_marker_stand,kling_v3_pro,303,60.22222222222223,58.333333333333336,59.27025360974056,33.333333333333336,100.0,57.735026918962575
remote_marker_stand::minimax_h3__101,remote_marker_stand,minimax_h3,101,91.66666666666667,50.0,67.70032003863301,100.0,100.0,100.0
remote_marker_stand::minimax_h3__202,remote_marker_stand,minimax_h3,202,100.0,87.5,93.54143466934853,100.0,100.0,100.0
remote_marker_stand::minimax_h3__303,remote_marker_stand,minimax_h3,303,83.33333333333334,100.0,91.28709291752769,100.0,100.0,100.0
remote_marker_stand::seedance_2_0__303,remote_marker_stand,seedance_2_0,303,100.0,83.25,91.2414379544733,100.0,100.0,100.0
remote_marker_stand::wan_2_7__101,remote_marker_stand,wan_2_7,101,77.66666666666667,66.75,72.00173609018049,55.555555555555564,100.0,74.535599249993
remote_marker_stand::wan_2_7__202,remote_marker_stand,wan_2_7,202,82.0,16.625,36.92221553482402,100.0,50.0,70.71067811865476
remote_marker_stand::wan_2_7__303,remote_marker_stand,wan_2_7,303,54.16666666666667,72.875,62.82830439645283,77.77777777777779,100.0,88.19171036881968
remote_marker_stand::wrong_1,remote_marker_stand,human_wrong,1,41.66666666666667,100.0,64.54972243679029,66.66666666666667,100.0,81.64965809277261
remote_marker_stand::wrong_2,remote_marker_stand,human_wrong,2,91.66666666666667,100.0,95.74271077563381,77.77777777777779,91.66666666666666,84.43713418650368
remote_marker_stand::wrong_3,remote_marker_stand,human_wrong,3,83.33333333333334,100.0,91.28709291752769,66.66666666666667,100.0,81.64965809277261
sanitary_face_wash::cosmos_3__202,sanitary_face_wash,cosmos_3,202,13.333333333333336,0.0,0.0,33.333333333333336,25.0,28.867513459481287
sanitary_face_wash::cosmos_3__303,sanitary_face_wash,cosmos_3,303,13.333333333333336,0.0,0.0,33.333333333333336,7.142857142857142,15.430334996209192
sanitary_face_wash::grok_imagine_video_1_5__202,sanitary_face_wash,grok_imagine_video_1_5,202,33.333333333333336,62.5,45.64354645876384,52.38095238095238,66.66666666666666,59.09368402852788
sanitary_face_wash::kling_v3_pro__202,sanitary_face_wash,kling_v3_pro,202,80.0,25.0,44.721359549995796,61.904761904761905,100.0,78.67957924694431
sanitary_face_wash::minimax_h3__101,sanitary_face_wash,minimax_h3,101,73.33333333333334,55.00000000000001,63.508529610858844,66.66666666666667,100.0,81.64965809277261
sanitary_face_wash::minimax_h3__202,sanitary_face_wash,minimax_h3,202,55.66666666666667,62.5,58.9844612306213,71.42857142857143,100.0,84.51542547285166
sanitary_face_wash::minimax_h3__303,sanitary_face_wash,minimax_h3,303,80.0,100.0,89.44271909999159,42.85714285714286,100.0,65.46536707079771
sanitary_face_wash::seedance_2_0__202,sanitary_face_wash,seedance_2_0,202,100.0,65.0,80.62257748298549,66.66666666666667,100.0,81.64965809277261
sanitary_face_wash::wan_2_7__101,sanitary_face_wash,wan_2_7,101,86.66666666666667,40.0,58.878405775518985,57.14285714285714,100.0,75.59289460184544
sanitary_face_wash::wan_2_7__202,sanitary_face_wash,wan_2_7,202,60.00000000000001,75.0,67.0820393249937,52.38095238095238,66.66666666666666,59.09368402852788
sanitary_face_wash::wan_2_7__303,sanitary_face_wash,wan_2_7,303,100.0,20.0,44.721359549995796,85.71428571428572,100.0,92.58200997725515
sanitary_face_wash::wrong_2,sanitary_face_wash,human_wrong,2,80.0,100.0,89.44271909999159,42.85714285714286,100.0,65.46536707079771
sock_bucket::cosmos_3__101,sock_bucket,cosmos_3,101,22.222222222222225,0.0,0.0,11.111111111111109,0.0,0.0
sock_bucket::cosmos_3__202,sock_bucket,cosmos_3,202,20.444444444444446,4.166666666666667,9.229582069908973,22.222222222222218,33.33333333333333,27.216552697590863
sock_bucket::cosmos_3__303,sock_bucket,cosmos_3,303,11.000000000000002,0.0,0.0,0.0,0.0,0.0
sock_bucket::grok_imagine_video_1_5__101,sock_bucket,grok_imagine_video_1_5,101,29.166666666666668,42.75,35.311117229563834,88.88888888888887,100.0,94.28090415820633
sock_bucket::grok_imagine_video_1_5__202,sock_bucket,grok_imagine_video_1_5,202,83.33333333333334,93.75,88.38834764831844,100.0,100.0,100.0
sock_bucket::grok_imagine_video_1_5__303,sock_bucket,grok_imagine_video_1_5,303,33.333333333333336,33.25,33.291640592396966,44.444444444444436,0.0,0.0
sock_bucket::kling_v3_pro__101,sock_bucket,kling_v3_pro,101,33.333333333333336,64.625,46.413001052147735,66.66666666666667,66.66666666666666,66.66666666666667
sock_bucket::kling_v3_pro__202,sock_bucket,kling_v3_pro,202,61.16666666666667,87.5,73.15793417896198,100.0,100.0,100.0
sock_bucket::kling_v3_pro__303,sock_bucket,kling_v3_pro,303,50.0,93.75,68.46531968814577,100.0,100.0,100.0
sock_bucket::minimax_h3__101,sock_bucket,minimax_h3,101,89.0,100.0,94.33981132056604,100.0,100.0,100.0
sock_bucket::minimax_h3__202,sock_bucket,minimax_h3,202,41.66666666666667,50.0,45.64354645876384,66.66666666666667,33.33333333333333,47.14045207910317
sock_bucket::minimax_h3__303,sock_bucket,minimax_h3,303,77.66666666666667,75.0,76.32168761236873,66.66666666666667,100.0,81.64965809277261
sock_bucket::seedance_2_0__101,sock_bucket,seedance_2_0,101,100.0,100.0,100.0,100.0,100.0,100.0
sock_bucket::seedance_2_0__202,sock_bucket,seedance_2_0,202,95.83333333333334,54.125,72.0206856858963,100.0,100.0,100.0
sock_bucket::seedance_2_0__303,sock_bucket,seedance_2_0,303,86.16666666666667,77.125,81.52057511246267,100.0,91.66666666666666,95.74271077563381
sock_bucket::wan_2_7__202,sock_bucket,wan_2_7,202,25.0,12.5,17.67766952966369,77.77777777777779,100.0,88.19171036881968
sock_bucket::wan_2_7__303,sock_bucket,wan_2_7,303,100.0,89.58333333333333,94.64847243000456,100.0,100.0,100.0
sock_bucket::wrong_1,sock_bucket,human_wrong,1,100.0,100.0,100.0,100.0,100.0,100.0
sock_bucket::wrong_2,sock_bucket,human_wrong,2,33.333333333333336,100.0,57.735026918962575,66.66666666666667,100.0,81.64965809277261
sock_bucket::wrong_3,sock_bucket,human_wrong,3,83.33333333333334,100.0,91.28709291752769,77.77777777777779,100.0,88.19171036881968
stack_blocks::cosmos_3__101,stack_blocks,cosmos_3,101,44.333333333333336,0.0,0.0,0.0,0.0,0.0
stack_blocks::cosmos_3__202,stack_blocks,cosmos_3,202,66.66666666666667,0.0,0.0,0.0,0.0,0.0
stack_blocks::cosmos_3__303,stack_blocks,cosmos_3,303,22.166666666666668,4.125,9.56229574945264,22.222222222222218,0.0,0.0
stack_blocks::grok_imagine_video_1_5__101,stack_blocks,grok_imagine_video_1_5,101,55.66666666666667,33.25,43.022281049087425,33.333333333333336,0.0,0.0
stack_blocks::grok_imagine_video_1_5__202,stack_blocks,grok_imagine_video_1_5,202,16.666666666666668,4.125,8.2915619758885,100.0,0.0,0.0
stack_blocks::grok_imagine_video_1_5__303,stack_blocks,grok_imagine_video_1_5,303,100.0,37.5,61.237243569579455,100.0,100.0,100.0
stack_blocks::kling_v3_pro__101,stack_blocks,kling_v3_pro,101,33.333333333333336,50.0,40.824829046386306,0.0,50.0,0.0
stack_blocks::minimax_h3__101,stack_blocks,minimax_h3,101,77.66666666666667,100.0,88.12869377601524,66.66666666666667,33.33333333333333,47.14045207910317
stack_blocks::minimax_h3__202,stack_blocks,minimax_h3,202,33.333333333333336,33.25,33.291640592396966,33.333333333333336,100.0,57.735026918962575
stack_blocks::seedance_2_0__202,stack_blocks,seedance_2_0,202,100.0,66.75,81.70067319184096,100.0,66.66666666666666,81.6496580927726
stack_blocks::seedance_2_0__303,stack_blocks,seedance_2_0,303,100.0,66.75,81.70067319184096,100.0,100.0,100.0
stack_blocks::wan_2_7__101,stack_blocks,wan_2_7,101,100.0,66.75,81.70067319184096,100.0,100.0,100.0
stack_blocks::wan_2_7__202,stack_blocks,wan_2_7,202,100.0,75.0,86.60254037844386,100.0,100.0,100.0
stack_blocks::wan_2_7__303,stack_blocks,wan_2_7,303,33.333333333333336,75.0,50.0,0.0,16.666666666666664,0.0
stack_blocks::wrong_1,stack_blocks,human_wrong,1,22.333333333333336,100.0,47.258156262526086,0.0,100.0,0.0
stack_blocks::wrong_2,stack_blocks,human_wrong,2,72.33333333333334,70.875,71.60045390917576,77.77777777777779,100.0,88.19171036881968
stack_blocks::wrong_3,stack_blocks,human_wrong,3,33.333333333333336,100.0,57.735026918962575,33.333333333333336,100.0,57.735026918962575
toothbrush_case::cosmos_3__101,toothbrush_case,cosmos_3,101,20.0,0.0,0.0,0.0,0.0,0.0
toothbrush_case::cosmos_3__202,toothbrush_case,cosmos_3,202,0.0,0.0,0.0,0.0,0.0,0.0
toothbrush_case::grok_imagine_video_1_5__101,toothbrush_case,grok_imagine_video_1_5,101,40.0,65.625,51.234753829797995,33.333333333333336,100.0,57.735026918962575
toothbrush_case::grok_imagine_video_1_5__202,toothbrush_case,grok_imagine_video_1_5,202,60.00000000000001,100.0,77.45966692414834,40.0,100.0,63.245553203367585
toothbrush_case::grok_imagine_video_1_5__303,toothbrush_case,grok_imagine_video_1_5,303,53.33333333333334,27.5,38.29708431025353,80.0,90.0,84.8528137423857
toothbrush_case::kling_v3_pro__101,toothbrush_case,kling_v3_pro,101,60.00000000000001,20.0,34.64101615137755,60.0,80.0,69.2820323027551
toothbrush_case::kling_v3_pro__202,toothbrush_case,kling_v3_pro,202,96.66666666666666,82.5,89.30285549745875,100.0,100.0,100.0
toothbrush_case::kling_v3_pro__303,toothbrush_case,kling_v3_pro,303,60.00000000000001,75.0,67.0820393249937,40.0,75.0,54.772255750516614
toothbrush_case::minimax_h3__101,toothbrush_case,minimax_h3,101,66.66666666666667,37.5,50.0,40.0,100.0,63.245553203367585
toothbrush_case::minimax_h3__202,toothbrush_case,minimax_h3,202,80.0,65.0,72.11102550927978,80.0,80.0,80.0
toothbrush_case::minimax_h3__303,toothbrush_case,minimax_h3,303,93.33333333333333,20.0,43.20493798938573,86.66666666666667,80.0,83.26663997864532
toothbrush_case::seedance_2_0__101,toothbrush_case,seedance_2_0,101,100.0,50.0,70.71067811865476,100.0,100.0,100.0
toothbrush_case::seedance_2_0__202,toothbrush_case,seedance_2_0,202,60.00000000000001,20.0,34.64101615137755,53.333333333333336,50.0,51.63977794943223
toothbrush_case::seedance_2_0__303,toothbrush_case,seedance_2_0,303,100.0,75.0,86.60254037844386,100.0,100.0,100.0
toothbrush_case::wan_2_7__101,toothbrush_case,wan_2_7,101,73.33333333333334,70.0,71.64728420068226,60.0,100.0,77.45966692414834
toothbrush_case::wan_2_7__202,toothbrush_case,wan_2_7,202,86.66666666666667,90.0,88.31760866327846,100.0,100.0,100.0
toothbrush_case::wan_2_7__303,toothbrush_case,wan_2_7,303,60.00000000000001,56.25,58.09475019311126,40.0,90.0,60.0
toothbrush_case::wrong_1,toothbrush_case,human_wrong,1,33.333333333333336,100.0,57.735026918962575,73.33333333333334,100.0,85.63488385776753
toothbrush_case::wrong_2,toothbrush_case,human_wrong,2,80.0,100.0,89.44271909999159,53.333333333333336,100.0,73.02967433402215
toothbrush_case::wrong_3,toothbrush_case,human_wrong,3,33.333333333333336,100.0,57.735026918962575,80.0,100.0,89.44271909999159
toothpaste_water::cosmos_3__101,toothpaste_water,cosmos_3,101,13.333333333333336,30.0,20.0,13.333333333333334,100.0,36.51483716701107
toothpaste_water::cosmos_3__202,toothpaste_water,cosmos_3,202,25.0,0.0,0.0,25.0,100.0,50.0
toothpaste_water::cosmos_3__303,toothpaste_water,cosmos_3,303,13.333333333333334,0.0,0.0,50.0,50.0,50.0
toothpaste_water::grok_imagine_video_1_5__101,toothpaste_water,grok_imagine_video_1_5,101,76.66666666666667,53.125,63.81940666181931,75.0,80.0,77.45966692414834
toothpaste_water::grok_imagine_video_1_5__202,toothpaste_water,grok_imagine_video_1_5,202,80.0,50.625,63.63961030678928,75.0,100.0,86.60254037844386
toothpaste_water::grok_imagine_video_1_5__303,toothpaste_water,grok_imagine_video_1_5,303,53.33333333333334,25.0,36.51483716701107,60.0,100.0,77.45966692414834
toothpaste_water::kling_v3_pro__101,toothpaste_water,kling_v3_pro,101,76.66666666666667,32.5,49.91659710623979,50.0,100.0,70.71067811865476
toothpaste_water::kling_v3_pro__202,toothpaste_water,kling_v3_pro,202,40.0,66.75,51.67204273105525,50.0,100.0,70.71067811865476
toothpaste_water::kling_v3_pro__303,toothpaste_water,kling_v3_pro,303,53.33333333333334,83.25,66.63332499583073,41.666666666666664,100.0,64.54972243679028
toothpaste_water::minimax_h3__101,toothpaste_water,minimax_h3,101,26.66666666666667,8.25,14.832396974191328,50.0,66.66666666666666,57.735026918962575
toothpaste_water::minimax_h3__202,toothpaste_water,minimax_h3,202,41.66666666666667,31.25,36.08439182435161,25.0,50.0,35.35533905932738
toothpaste_water::minimax_h3__303,toothpaste_water,minimax_h3,303,20.0,41.75,28.89636655359978,25.0,50.0,35.35533905932738
toothpaste_water::seedance_2_0__101,toothpaste_water,seedance_2_0,101,100.0,80.0,89.44271909999159,100.0,100.0,100.0
toothpaste_water::seedance_2_0__202,toothpaste_water,seedance_2_0,202,83.33333333333334,44.125,60.63895887408798,100.0,100.0,100.0
toothpaste_water::seedance_2_0__303,toothpaste_water,seedance_2_0,303,96.66666666666666,55.0,72.91547618075785,100.0,50.0,70.71067811865476
toothpaste_water::wan_2_7__101,toothpaste_water,wan_2_7,101,42.22222222222223,23.333333333333332,31.3876597596123,26.666666666666668,33.33333333333333,29.814239699997195
toothpaste_water::wan_2_7__202,toothpaste_water,wan_2_7,202,61.66666666666667,52.125,56.69545837190137,75.0,50.0,61.237243569579455
toothpaste_water::wan_2_7__303,toothpaste_water,wan_2_7,303,53.33333333333334,50.0,51.63977794943223,58.333333333333336,95.0,74.44237144709098
toothpaste_water::wrong_1,toothpaste_water,human_wrong,1,53.33333333333334,45.0,48.98979485566357,25.0,100.0,50.0
toothpaste_water::wrong_2,toothpaste_water,human_wrong,2,50.0,91.625,67.68493185340442,25.0,100.0,50.0
toothpaste_water::wrong_3,toothpaste_water,human_wrong,3,13.333333333333336,10.0,11.547005383792516,0.0,83.33333333333334,0.0
