evaluator,model,label,cases,worst_seed,average,best_at_3
Human,grok_imagine_video_1_5,Grok-1.5,24,34.91460793409724,49.8909624540582,62.996500112502694
Human,seedance_2_0,Seedance-2.0,25,54.75511486420905,63.95130753133414,76.20917975823339
Human,kling_v3_pro,Kling-v3-Pro,24,44.79556670327272,59.558610298085746,69.78525256515265
Human,wan_2_7,Wan-2.7,25,28.737803003284014,44.28202910180429,56.35177056840514
Human,minimax_h3,MiniMax-H3,25,40.330121079491015,55.256335811203066,68.59810213624141
Human,cosmos_3,Cosmos-3,25,0.38249182997810555,3.889273848066939,8.573193197965415
Ego2ActJudge,grok_imagine_video_1_5,Grok-1.5,108,50.90697318752776,69.47510767048702,84.74050077903745
Ego2ActJudge,seedance_2_0,Seedance-2.0,109,72.01075147464682,83.3283242173806,92.88557643638765
Ego2ActJudge,kling_v3_pro,Kling-v3-Pro,109,58.691820474748816,72.46386194600551,85.14087416754307
Ego2ActJudge,wan_2_7,Wan-2.7,109,55.87716255562656,71.39970483108624,85.14118788360541
Ego2ActJudge,minimax_h3,MiniMax-H3,109,42.093469163987876,59.259954549469754,74.78769910801113
Ego2ActJudge,cosmos_3,Cosmos-3,109,2.910019009412542,13.308437254458648,24.884755258038126
