evaluator,group,axis,mean,low,high,videos,cases
human,human_reference,task,100.0,,,0,0
human,human_reference,physics,100.0,,,0,0
human,human_wrong,task,59.56076388888889,54.737455197132626,64.8905472636816,64,25
human,human_wrong,physics,94.10546875,88.67948717948718,98.0382513661202,64,25
human,grok_imagine_video_1_5,task,56.552083333333336,50.27568134171908,62.86507936507937,64,24
human,grok_imagine_video_1_5,physics,47.876953125,41.259562841530055,54.87622549019608,64,24
human,seedance_2_0,task,67.77688172043011,58.35016835016835,76.0380658436214,62,25
human,seedance_2_0,physics,63.038306451612904,56.36805555555555,69.74497126436782,62,25
human,kling_v3_pro,task,59.33888888888889,52.80508474576271,66.06557377049181,60,24
human,kling_v3_pro,physics,64.22708333333334,58.149011299435024,70.78508771929825,60,24
human,wan_2_7,task,55.46752136752137,48.712050078247266,62.74682539682541,65,25
human,wan_2_7,physics,41.428030303030305,34.24107142857143,49.257161458333336,66,25
human,minimax_h3,task,61.202380952380956,50.54970760233918,70.66101694915254,56,25
human,minimax_h3,physics,55.82272727272727,45.13157894736842,66.21,55,25
human,cosmos_3,task,16.870370370370374,12.532258064516132,21.42753623188406,66,25
human,cosmos_3,physics,5.188524590163935,2.3114406779661016,8.46505376344086,61,25
wr-arena,human_reference,task,95.6140350877193,93.50935093509351,97.60348583877996,304,108
wr-arena,human_wrong,task,59.73154362416108,57.06214689265538,62.35827664399094,298,107
wr-arena,grok_imagine_video_1_5,task,78.71235721703012,74.76635514018692,82.76220145379024,321,107
wr-arena,seedance_2_0,task,88.58024691358025,86.0082304526749,91.46090534979423,324,108
wr-arena,kling_v3_pro,task,76.95473251028807,73.14814814814815,80.24691358024691,324,108
wr-arena,wan_2_7,task,80.45267489711935,77.05761316872429,83.95061728395062,324,108
wr-arena,minimax_h3,task,68.62139917695474,64.30041152263375,72.7366255144033,324,108
wr-arena,cosmos_3,task,35.18518518518518,30.246913580246915,40.02057613168725,324,108
pqsg,human_reference,task,95.51495927318295,93.42460317460316,97.49610955493308,304,108
pqsg,human_reference,physics,98.57456140350878,97.27777777777777,99.5016611295681,304,108
pqsg,human_wrong,task,61.70661553211888,58.0595238095238,65.11323096013649,298,107
pqsg,human_wrong,physics,80.60402684563758,77.21132897603486,84.21734234234233,298,107
pqsg,grok_imagine_video_1_5,task,82.49740394600208,78.69307224447411,85.86263165702418,321,107
pqsg,grok_imagine_video_1_5,physics,95.11422637590863,93.3748701973001,96.60436137071652,321,107
pqsg,seedance_2_0,task,90.1521164021164,87.37654320987654,92.97325102880659,324,108
pqsg,seedance_2_0,physics,97.309670781893,96.02366255144034,98.49279835390946,324,108
pqsg,kling_v3_pro,task,77.06716637272193,72.87404467960023,81.27865961199295,324,108
pqsg,kling_v3_pro,physics,94.19238683127571,92.18106995884774,95.87962962962963,324,108
pqsg,wan_2_7,task,80.6547619047619,77.0245443856555,84.20781893004114,324,108
pqsg,wan_2_7,physics,93.3641975308642,91.30144032921811,95.26748971193416,324,108
pqsg,minimax_h3,task,69.79864785420341,64.91916519694297,74.7200176366843,324,108
pqsg,minimax_h3,physics,87.1604938271605,84.01234567901234,90.10802469135803,324,108
pqsg,cosmos_3,task,27.96590241034685,23.36787184009406,32.846854791299236,324,108
pqsg,cosmos_3,physics,45.82304526748971,39.70679012345679,51.73868312757201,324,108
rbench,human_reference,task,76.72697368421052,73.8817891373802,79.57214765100672,304,108
rbench,human_reference,physics,80.42763157894737,77.83278327832782,83.25055187637969,304,108
rbench,human_wrong,task,47.399328859060404,44.958333333333336,49.959016393442624,298,107
rbench,human_wrong,physics,73.8255033557047,71.24451754385964,76.42276422764228,298,107
rbench,grok_imagine_video_1_5,task,67.36760124610592,63.901869158878505,70.7165109034268,321,107
rbench,grok_imagine_video_1_5,physics,78.21910695742471,75.44132917964694,81.2564901349948,321,107
rbench,seedance_2_0,task,74.07407407407408,70.7175925925926,77.39197530864197,324,108
rbench,seedance_2_0,physics,80.34979423868312,77.62345679012346,82.97325102880659,324,108
rbench,kling_v3_pro,task,64.96913580246914,61.882716049382715,67.86265432098766,324,108
rbench,kling_v3_pro,physics,78.85802469135803,76.23456790123457,81.53292181069959,324,108
rbench,wan_2_7,task,67.09104938271605,63.50308641975309,70.79475308641975,324,108
rbench,wan_2_7,physics,76.92901234567901,73.97119341563787,79.7582304526749,324,108
rbench,minimax_h3,task,51.69753086419753,47.56944444444444,55.401234567901234,324,108
rbench,minimax_h3,physics,66.30658436213992,63.04012345679013,69.31584362139917,324,108
rbench,cosmos_3,task,23.72685185185185,20.871913580246915,26.62037037037037,324,108
rbench,cosmos_3,physics,37.217078189300416,33.02469135802469,40.97222222222222,324,108
worldmodelbench,human_reference,task,63.377192982456144,59.04139433551199,67.8888888888889,304,108
worldmodelbench,human_reference,physics,78.72807017543859,76.12761276127613,81.09289617486338,304,108
worldmodelbench,human_wrong,task,58.50111856823267,54.36241610738255,62.876254180602004,298,107
worldmodelbench,human_wrong,physics,80.53691275167785,78.18791946308725,82.65765765765767,298,107
worldmodelbench,grok_imagine_video_1_5,task,73.72793354101766,69.78193146417445,77.77777777777779,321,107
worldmodelbench,grok_imagine_video_1_5,physics,73.05295950155764,70.82035306334372,75.33748701973,321,107
worldmodelbench,seedance_2_0,task,69.65020576131688,65.32921810699588,73.97119341563787,324,108
worldmodelbench,seedance_2_0,physics,73.04526748971193,70.88477366255144,75.25720164609054,324,108
worldmodelbench,kling_v3_pro,task,67.28395061728395,63.37448559670783,71.39917695473252,324,108
worldmodelbench,kling_v3_pro,physics,74.07407407407408,71.96502057613169,76.440329218107,324,108
worldmodelbench,wan_2_7,task,75.10288065843622,70.78189300411523,79.32098765432099,324,108
worldmodelbench,wan_2_7,physics,75.87448559670781,73.09670781893004,78.54938271604938,324,108
worldmodelbench,minimax_h3,task,75.20576131687243,71.39917695473252,79.11522633744856,324,108
worldmodelbench,minimax_h3,physics,81.32716049382717,78.90946502057614,83.53909465020577,324,108
worldmodelbench,cosmos_3,task,49.074074074074076,45.5761316872428,53.189300411522645,324,108
worldmodelbench,cosmos_3,physics,78.80658436213992,75.66872427983539,81.89300411522633,324,108
videoscore,human_reference,task,83.29616228070175,80.41639522258414,86.00454042081948,304,108
videoscore,human_reference,physics,84.34342105263158,80.89485930735931,87.5045751633987,304,108
videoscore,human_wrong,task,83.90682326621923,80.82148394241418,86.61038251366121,298,107
videoscore,human_wrong,physics,85.25385906040269,81.97293729372937,87.99758698092032,298,107
videoscore,grok_imagine_video_1_5,task,88.16635514018692,85.41744548286604,90.3889927310488,321,107
videoscore,grok_imagine_video_1_5,physics,87.87606438213915,85.03437175493251,90.95867082035306,321,107
videoscore,seedance_2_0,task,89.315329218107,87.15329218106996,91.39681069958847,324,108
videoscore,seedance_2_0,physics,89.84495884773662,87.13904320987655,92.30102880658436,324,108
videoscore,kling_v3_pro,task,90.4608024691358,88.0638888888889,92.30648148148148,324,108
videoscore,kling_v3_pro,physics,91.20730452674897,88.91877572016462,93.28508230452675,324,108
videoscore,wan_2_7,task,92.16409465020577,90.12397119341564,93.90751028806584,324,108
videoscore,wan_2_7,physics,93.984670781893,92.04238683127572,95.57705761316872,324,108
videoscore,minimax_h3,task,95.80462962962963,93.88168724279835,97.01388888888889,324,108
videoscore,minimax_h3,physics,97.09377572016461,96.22772633744856,97.81177983539095,324,108
videoscore,cosmos_3,task,84.11800411522634,79.96574074074074,88.08672839506173,324,108
videoscore,cosmos_3,physics,93.10900205761317,91.15344650205762,94.80596707818931,324,108
ego2act,human_reference,task,93.9199843871975,91.55773169482848,95.83698830409357,305,108
ego2act,human_reference,physics,98.14119828259173,96.79767740429506,99.23502304147465,305,108
ego2act,human_wrong,task,57.78414821893083,54.63051441312311,60.75974981604121,299,107
ego2act,human_wrong,physics,91.6499192897498,89.52217313042055,93.79078101828966,295,107
ego2act,grok_imagine_video_1_5,task,67.80962179110327,63.7482853223594,72.16441309033901,324,108
ego2act,grok_imagine_video_1_5,physics,79.43933007985804,75.30849181777975,83.3691578483245,322,108
ego2act,seedance_2_0,task,79.91007718071938,76.17397213727489,83.38333090626668,327,109
ego2act,seedance_2_0,physics,91.05097302078727,88.44132389798024,93.18306310254164,323,109
ego2act,kling_v3_pro,task,63.96473472161546,59.42308625794864,68.48417552545993,327,109
ego2act,kling_v3_pro,physics,88.86762587200485,86.42307400667273,91.02459172771673,314,109
ego2act,wan_2_7,task,67.84209504392992,63.69144701713508,72.47487986020096,327,109
ego2act,wan_2_7,physics,80.49809597752144,76.8872170781893,83.96788653733098,322,109
ego2act,minimax_h3,task,53.6590456773943,48.6357458375807,58.679433037231206,327,109
ego2act,minimax_h3,physics,76.24695724935341,72.44295634920636,79.9471322075156,313,109
ego2act,cosmos_3,task,15.400830056793358,12.413596427357895,18.65989515072084,327,109
ego2act,cosmos_3,physics,38.76895285477375,31.60743464052288,45.492063492063494,201,75
