evaluator,axis,n,pearson,kendall_tau,ccc,mae,bias
wr-arena,task,437,0.42345230201913425,0.3238446310584638,0.3365208018125689,28.196033562166285,20.04602084922451
wr-arena,physics,0,,,,,
wr-arena,final,0,,,,,
pqsg,task,437,0.44193478328506164,0.3181650579428421,0.3722556056436788,29.37808288838037,18.112382405288578
pqsg,physics,432,0.23236685726960882,0.13366681205220163,0.13928232132252003,40.06105324074074,31.736400462962962
pqsg,final,436,0.3069436319662275,0.1950857490777176,0.15678406183448315,37.233475178344165,32.755908074066056
rbench,task,437,0.46507415073044356,0.3404718714325032,0.45831685227326063,23.789982201881518,4.88583778286295
rbench,physics,432,0.37282672712949333,0.25213439473203875,0.28939799677687356,31.291570216049383,19.051215277777786
rbench,final,436,0.4002898205030812,0.2799913046297037,0.3934955094893667,28.01126912340595,5.435860527021745
worldmodelbench,task,437,0.18159186476879083,0.13604365115794914,0.1556432426262123,32.109585558098146,16.15586066615814
worldmodelbench,physics,432,0.15315738561911235,0.12106493193720726,0.09559466429050933,31.36525848765432,19.32127700617285
worldmodelbench,final,436,0.16222304127888287,0.11163527660622713,0.0810689137629614,31.43523253110656,24.67324584812266
videoscore,task,437,-0.14303155779669202,-0.1458045814697673,-0.043939910791627165,40.82911263666412,36.46531909483853
videoscore,physics,432,-0.08117579186374027,-0.15472066342508067,-0.029277188748632912,42.534317129629635,37.15032793209876
videoscore,final,436,-0.09546294274368797,-0.15357056999840693,-0.02347672098433798,45.16293900196398,43.32682382977403
simple_vqa,task,430,0.370908705981155,0.2888860523511579,0.28625407053387963,32.68708010335917,22.70310077519379
simple_vqa,physics,429,0.17004386474650185,0.11612188716478455,0.07400300880481249,44.127331002331005,40.94259906759906
simple_vqa,final,429,0.31915777444961624,0.21026932847949145,0.2193726175924577,37.856441719251045,29.20377369272571
ego2act,task,437,0.6299032296906467,0.4549418667798693,0.6051533291068051,19.559187824634048,8.091133631179396
ego2act,physics,424,0.5508494349963131,0.37722221414021206,0.43685498349175317,29.68251628481581,24.064619833782565
ego2act,final,432,0.6864354693032827,0.4629232304899492,0.6095953539070116,21.975925012263584,15.445716804822155
terra,task,378,0.5804313607387028,0.41527075487972437,0.5523578449098706,21.78865373309818,9.051440329218096
flash_matched_to_terra,task,378,0.6242178695207502,0.45658280880830043,0.5956468281022104,19.49206349206349,8.787729906777528
terra,physics,351,0.513879062369312,0.39676153901204975,0.43154913225784824,32.07549857549858,21.585944919278248
flash_matched_to_terra,physics,351,0.5675554218698339,0.3936334204494988,0.45303281822439134,29.373253289919955,23.944512277845618
terra,final,351,0.6087961519955384,0.4276058546471872,0.5678321760180053,24.704514032106484,10.841350064969241
flash_matched_to_terra,final,351,0.694218817089561,0.47654999872756637,0.6129786620452915,22.10394000837152,15.851932756070475
human_leave_one_out,final,486,0.7554463925015811,0.547073015740461,0.7552470433653297,15.53705923691497,-0.33225170210604915
