evaluator,metric,value,n,low,high
wr-arena,mae,28.196033562166285,437,24.654786862334028,31.848908511160165
wr-arena,bias,20.04602084922451,437,15.120993010363925,25.109305555555558
wr-arena,ccc,0.3365208018125689,437,0.23828280381476719,0.4311953595391202
wr-arena,pearson,0.42345230201913425,437,0.3293357902939266,0.503947984956637
pqsg,mae,37.233475178344165,436,33.375010339789995,40.92954238290848
pqsg,bias,32.755908074066056,436,28.553246080692745,36.669430857517504
pqsg,ccc,0.15678406183448315,436,0.09423399590278618,0.2283583483273095
pqsg,pearson,0.3069436319662275,436,0.1888869762035037,0.41932625131429696
rbench,mae,28.01126912340595,436,25.285282133701745,30.717056346187384
rbench,bias,5.435860527021745,436,2.0057290016979508,8.990943241865708
rbench,ccc,0.3934955094893667,436,0.27386865059850485,0.4956616917342455
rbench,pearson,0.4002898205030812,436,0.2837940847559973,0.5045611851206013
worldmodelbench,mae,31.43523253110656,436,28.452008253221592,34.39407783111204
worldmodelbench,bias,24.67324584812266,436,20.554445164126783,28.778272948450656
worldmodelbench,ccc,0.0810689137629614,436,-0.00059397066996445,0.16928428703686027
worldmodelbench,pearson,0.16222304127888287,436,-0.0012094608637103225,0.3312380666040134
videoscore,mae,45.16293900196398,436,41.154446037384076,49.34014574363399
videoscore,bias,43.32682382977403,436,38.36155556830553,48.39891897020059
videoscore,ccc,-0.02347672098433798,436,-0.04491099304706101,-0.004148950790395335
videoscore,pearson,-0.09546294274368797,436,-0.19554278771448147,-0.014904732453466992
simple_vqa,mae,37.856441719251045,429,34.03763854441783,41.37387271332081
simple_vqa,bias,29.20377369272571,429,24.790878628619097,33.5055288775362
simple_vqa,ccc,0.2193726175924577,429,0.14552519958715654,0.3014032351418317
simple_vqa,pearson,0.31915777444961624,429,0.22594669967513326,0.41461349788312124
ego2act,mae,21.975925012263584,432,19.46431265219313,24.693006257626017
ego2act,bias,15.445716804822155,432,12.691058231728938,18.25848466026042
ego2act,ccc,0.6095953539070116,432,0.5284487791390221,0.6775787275767899
ego2act,pearson,0.6864354693032827,432,0.6167234489208235,0.7462476192886599
human,mae,15.53705923691497,486,13.946080907009078,17.418424043026196
human,bias,-0.33225170210604915,486,-0.5300952045865515,-0.16866998081824391
human,ccc,0.7552470433653297,486,0.6770773832638134,0.8081261030480407
human,pearson,0.7554463925015811,486,0.6772224448589048,0.8081879002099306
