evaluator,group,task,physics,overall,overall_kind,n_task,n_physics
human,human_reference,100.0,100.0,100.0,verified_successful,0,0
human,human_wrong,59.56076388888889,94.10546875,73.3665004869052,mean_of_per_video_final,64,64
human,grok_imagine_video_1_5,56.552083333333336,47.876953125,49.89096245405819,mean_of_per_video_final,64,64
human,seedance_2_0,67.77688172043011,63.038306451612904,63.95130753133413,mean_of_per_video_final,62,62
human,kling_v3_pro,59.33888888888889,64.22708333333334,59.55861029808575,mean_of_per_video_final,60,60
human,wan_2_7,55.46752136752137,41.428030303030305,44.28202910180429,mean_of_per_video_final,65,66
human,minimax_h3,61.202380952380956,55.82272727272727,55.256335811203066,mean_of_per_video_final,56,55
human,cosmos_3,16.870370370370374,5.188524590163935,3.8892738480669387,mean_of_per_video_final,66,61
wr-arena,human_reference,95.6140350877193,,95.6140350877193,native_mean,304,0
wr-arena,human_wrong,59.73154362416108,,59.73154362416108,native_mean,298,0
wr-arena,grok_imagine_video_1_5,78.71235721703012,,78.71235721703012,native_mean,321,0
wr-arena,seedance_2_0,88.58024691358025,,88.58024691358025,native_mean,324,0
wr-arena,kling_v3_pro,76.95473251028807,,76.95473251028807,native_mean,324,0
wr-arena,wan_2_7,80.45267489711935,,80.45267489711935,native_mean,324,0
wr-arena,minimax_h3,68.62139917695474,,68.62139917695474,native_mean,324,0
wr-arena,cosmos_3,35.18518518518518,,35.18518518518518,native_mean,324,0
pqsg,human_reference,95.51495927318295,98.57456140350878,97.30447235405633,native_mean,304,304
pqsg,human_wrong,61.70661553211888,80.60402684563758,76.22122920287153,native_mean,298,298
pqsg,grok_imagine_video_1_5,82.49740394600208,95.11422637590863,88.61517169682442,native_mean,321,321
pqsg,seedance_2_0,90.1521164021164,97.309670781893,93.84895943038644,native_mean,324,324
pqsg,kling_v3_pro,77.06716637272193,94.19238683127571,86.39174737350119,native_mean,324,324
pqsg,wan_2_7,80.6547619047619,93.3641975308642,88.27475600175836,native_mean,324,324
pqsg,minimax_h3,69.79864785420341,87.1604938271605,80.5945333614179,native_mean,324,324
pqsg,cosmos_3,27.96590241034685,45.82304526748971,45.193639701329474,native_mean,324,324
rbench,human_reference,76.72697368421052,80.42763157894737,75.67434210526316,native_mean,304,304
rbench,human_wrong,47.399328859060404,73.8255033557047,43.598993288590606,native_mean,298,298
rbench,grok_imagine_video_1_5,67.36760124610592,78.21910695742471,64.2834890965732,native_mean,321,321
rbench,seedance_2_0,74.07407407407408,80.34979423868312,72.38425925925925,native_mean,324,324
rbench,kling_v3_pro,64.96913580246914,78.85802469135803,61.92901234567901,native_mean,324,324
rbench,wan_2_7,67.09104938271605,76.92901234567901,63.80401234567901,native_mean,324,324
rbench,minimax_h3,51.69753086419753,66.30658436213992,48.0787037037037,native_mean,324,324
rbench,cosmos_3,23.72685185185185,37.217078189300416,21.03395061728395,native_mean,324,324
worldmodelbench,human_reference,63.377192982456144,78.72807017543859,76.1842105263158,native_mean,304,304
worldmodelbench,human_wrong,58.50111856823267,80.53691275167785,75.80536912751678,native_mean,298,298
worldmodelbench,grok_imagine_video_1_5,73.72793354101766,73.05295950155764,75.9190031152648,native_mean,321,321
worldmodelbench,seedance_2_0,69.65020576131688,73.04526748971193,74.69135802469135,native_mean,324,324
worldmodelbench,kling_v3_pro,67.28395061728395,74.07407407407408,74.59876543209876,native_mean,324,324
worldmodelbench,wan_2_7,75.10288065843622,75.87448559670781,78.05555555555556,native_mean,324,324
worldmodelbench,minimax_h3,75.20576131687243,81.32716049382717,81.35802469135803,native_mean,324,324
worldmodelbench,cosmos_3,49.074074074074076,78.80658436213992,71.32716049382717,native_mean,324,324
videoscore,human_reference,83.29616228070175,84.34342105263158,87.47868421052631,native_mean,304,304
videoscore,human_wrong,83.90682326621923,85.25385906040269,88.19152125279642,native_mean,298,298
videoscore,grok_imagine_video_1_5,88.16635514018692,87.87606438213915,90.61655244029076,native_mean,321,321
videoscore,seedance_2_0,89.315329218107,89.84495884773662,92.17454732510288,native_mean,324,324
videoscore,kling_v3_pro,90.4608024691358,91.20730452674897,93.37329218106996,native_mean,324,324
videoscore,wan_2_7,92.16409465020577,93.984670781893,95.78195473251029,native_mean,324,324
videoscore,minimax_h3,95.80462962962963,97.09377572016461,98.16004115226337,native_mean,324,324
videoscore,cosmos_3,84.11800411522634,93.10900205761317,92.81255144032922,native_mean,324,324
ego2act,human_reference,93.9199843871975,98.14119828259173,95.35243379262525,mean_of_per_video_final,305,305
ego2act,human_wrong,57.78414821893083,91.6499192897498,70.11284661710066,mean_of_per_video_final,299,295
ego2act,grok_imagine_video_1_5,67.80962179110327,79.43933007985804,69.47510767048702,mean_of_per_video_final,324,322
ego2act,seedance_2_0,79.91007718071938,91.05097302078727,83.32832421738061,mean_of_per_video_final,327,323
ego2act,kling_v3_pro,63.96473472161546,88.86762587200485,72.46386194600551,mean_of_per_video_final,327,314
ego2act,wan_2_7,67.84209504392992,80.49809597752144,71.39970483108624,mean_of_per_video_final,327,322
ego2act,minimax_h3,53.6590456773943,76.24695724935341,59.259954549469754,mean_of_per_video_final,327,313
ego2act,cosmos_3,15.400830056793358,38.76895285477375,13.308437254458648,mean_of_per_video_final,327,201
