case,humanpos_count_sd,humanpos_task_sd,physics_count_max,physics_count_mean,physics_count_min,physics_count_modal,physics_count_sd,physics_dep_agreement,physics_modal_share,physics_n_plans,physics_pair_f1,physics_pair_f1_objects_only,physics_pair_f1_verb_class,task_count_max,task_count_mean,task_count_min,task_count_modal,task_count_sd,task_dep_agreement,task_modal_share,task_n_plans,task_pair_f1,task_pair_f1_objects_only,task_pair_f1_verb_class
acoustic_electric_guitar,0.0,15.713,3,2.125,2,2,0.331,0.938,0.875,24,0.306,0.952,0.398,2,2,2,2,0.0,1.0,1.0,24,0.48,0.9,0.83
air_freshener_dispenser,0.943,0.0,5,4.625,3,5,0.753,0.878,0.792,24,0.604,0.899,0.66,5,4.083,3,5,0.954,0.822,0.5,24,0.602,0.864,0.625
aromatic_cube_leaf,0.0,0.0,3,3,3,3,0.0,0.72,1.0,24,0.667,0.9,0.667,3,3,3,3,0.0,1.0,1.0,24,0.467,0.88,0.68
bag_shoe_rack,0.0,0.0,3,3,3,3,0.0,0.434,1.0,22,0.507,0.933,0.567,3,3,3,3,0.0,0.865,1.0,22,0.593,1.0,0.913
banknote_card_coin,0.0,11.785,4,4,4,4,0.0,0.955,1.0,24,0.555,1.0,0.64,4,4,4,4,0.0,0.615,1.0,24,0.585,0.96,0.96
bed_clothes_dirty,0.0,0.0,3,3,3,3,0.0,0.75,1.0,24,0.32,0.86,0.427,3,3,3,3,0.0,0.929,1.0,24,0.373,0.913,0.673
blue_pouch_eyedrops,0.0,11.785,5,4.19,4,4,0.393,0.796,0.81,21,0.678,0.96,0.96,4,4,4,4,0.0,0.824,1.0,21,0.655,1.0,1.0
book_miniature,0.0,7.857,4,2.083,2,2,0.4,1.0,0.958,24,0.5,0.993,0.5,2,2,2,2,0.0,1.0,1.0,24,0.92,1.0,1.0
bottle_cap,0.0,8.66,5,5,5,5,0.0,0.737,1.0,24,0.532,1.0,0.532,5,5,5,5,0.0,0.725,1.0,24,0.668,1.0,0.668
bottle_pot_pebble,0.0,0.0,3,3,3,3,0.0,0.897,1.0,22,0.453,0.92,0.567,3,3,3,3,0.0,0.782,1.0,22,0.52,0.98,0.647
box_medal,0.0,0.0,6,6,6,6,0.0,0.871,1.0,23,0.62,1.0,0.713,6,6,6,6,0.0,0.921,1.0,23,0.927,1.0,0.973
broccoli_tofu_chicken,0.0,8.333,4,4,4,4,0.0,0.873,1.0,23,0.59,1.0,0.645,4,4,4,4,0.0,1.0,1.0,23,0.585,0.99,0.805
butter_candy_mug,0.471,0.0,5,4.042,4,4,0.2,0.604,0.958,24,0.525,0.889,0.633,4,3.5,3,4,0.5,0.545,0.5,24,0.57,0.867,0.659
candle_lighter,0.0,0.0,4,4,4,4,0.0,0.894,1.0,24,0.565,1.0,0.74,4,4,4,4,0.0,0.807,1.0,24,0.44,0.965,0.775
charge_airpods_watch,0.0,0.0,5,4.292,4,4,0.455,0.781,0.708,24,0.709,0.935,0.891,5,4.083,4,4,0.276,0.978,0.917,24,0.442,0.993,0.685
clock_bottle_container,0.0,0.0,4,4,4,4,0.0,0.559,1.0,24,0.465,0.885,0.47,4,4,4,4,0.0,0.583,1.0,24,0.815,0.925,0.815
coffee_beans,0.0,0.0,4,3.042,3,3,0.2,0.805,0.958,24,0.503,0.772,0.503,3,3,3,3,0.0,0.895,1.0,24,0.827,1.0,0.827
coffee_plate_bottle,0.0,0.0,5,5,5,5,0.0,0.97,1.0,24,0.792,0.984,0.856,5,5,5,5,0.0,0.736,1.0,24,0.592,0.744,0.624
controller_charger,0.0,0.0,4,4,4,4,0.0,0.864,1.0,24,0.77,0.88,0.77,3,3,3,3,0.0,1.0,1.0,24,0.733,1.0,0.733
controller_watch_ring,0.0,0.0,7,7,7,7,0.0,0.551,1.0,24,0.446,0.763,0.46,4,4,4,4,0.0,1.0,1.0,24,0.97,0.97,0.97
cooking_oil,0.0,0.0,4,4,4,4,0.0,0.708,1.0,24,0.65,0.89,0.705,4,3.458,3,3,0.498,0.816,0.542,24,0.489,0.745,0.489
cut_chocolate_bar,0.0,0.0,6,6,6,6,0.0,0.772,1.0,24,0.847,1.0,0.847,6,6,6,6,0.0,0.983,1.0,24,0.997,0.997,0.997
cutlery_sorting,0.0,0.0,5,4.917,4,5,0.276,0.556,0.917,24,0.47,0.961,0.542,4,4,4,4,0.0,0.961,1.0,24,0.895,1.0,0.94
desk_mat_tablet,0.471,0.0,5,3.958,2,4,0.735,0.367,0.583,24,0.634,0.813,0.72,3,2.25,2,2,0.433,1.0,0.75,24,0.78,0.924,0.78
dish_washdry,0.943,19.116,7,6.958,6,7,0.2,0.774,0.958,24,0.778,0.824,0.792,7,5.75,5,5,0.968,0.677,0.625,24,0.467,0.708,0.507
dock_switch_game,0.0,0.0,6,6,6,6,0.0,0.963,1.0,21,1.0,1.0,1.0,6,6,6,6,0.0,0.932,1.0,21,0.977,1.0,1.0
doll_helmet,0.0,10.393,5,5,5,5,0.0,0.819,1.0,24,0.508,1.0,0.528,4,4,4,4,0.0,0.822,1.0,24,0.845,0.985,0.845
double_shoe_box,0.0,0.0,5,5,5,5,0.0,0.733,1.0,24,0.808,1.0,0.936,5,5,5,5,0.0,0.764,1.0,24,0.864,0.956,0.96
egg_candy_air_fryer,0.0,0.0,5,5,5,5,0.0,0.858,1.0,24,0.62,1.0,0.62,5,5,5,5,0.0,0.865,1.0,24,0.532,0.956,0.532
egg_sauce_container,0.471,19.29,4,3.25,3,3,0.433,0.955,0.75,24,0.56,0.856,0.566,6,4.042,3,3,0.978,0.867,0.417,24,0.557,0.742,0.664
erase_whiteboard,0.0,0.0,3,2.5,2,2,0.5,0.761,0.5,22,0.56,0.92,0.56,2,2,2,2,0.0,0.93,1.0,22,0.71,0.99,0.99
ereader_earphone,0.0,0.0,4,4,4,4,0.0,0.975,1.0,25,0.605,0.95,0.685,4,4,4,4,0.0,0.988,1.0,25,0.85,0.98,0.97
eyedrop_chapstick,0.0,0.0,4,4,4,4,0.0,0.786,1.0,25,0.35,1.0,0.585,4,4,4,4,0.0,0.746,1.0,25,0.67,0.99,0.8
eyeshadow_palette,0.0,0.0,6,5.136,5,5,0.343,0.674,0.864,22,0.732,0.98,0.787,5,5,5,5,0.0,0.719,1.0,22,0.684,1.0,0.864
figurine_toy_box,0.0,0.0,8,7.958,7,8,0.2,0.534,0.958,24,0.672,0.997,0.682,8,6.167,6,6,0.553,0.766,0.917,24,0.804,0.974,0.974
four_in_a_row,0.0,0.0,1,1,1,1,0.0,1.0,1.0,22,0.62,0.62,0.62,1,1,1,1,0.0,1.0,1.0,22,0.28,0.66,0.28
group_supplements,1.886,15.59,5,4.167,1,5,1.179,0.922,0.583,24,0.297,0.745,0.297,8,5.375,1,6,1.438,1.0,0.417,24,0.574,0.624,0.586
handcuffs_stethoscope,0.0,0.0,5,5,5,5,0.0,0.682,1.0,24,0.428,0.944,0.608,5,5,5,5,0.0,0.882,1.0,24,0.812,1.0,0.972
hanger_grouping,0.943,11.785,6,4.458,2,5,1.224,0.941,0.333,24,0.595,0.775,0.595,4,2.833,2,2,0.986,1.0,0.583,24,0.808,0.808,0.808
hat_sorting,0.0,0.0,4,4,4,4,0.0,0.66,1.0,24,0.765,0.93,0.93,3,3,3,3,0.0,1.0,1.0,24,0.347,0.96,0.96
headphone_mouse_book,0.471,0.0,5,4.417,4,4,0.493,0.723,0.583,24,0.376,0.812,0.428,5,4.542,4,5,0.498,0.593,0.542,24,0.487,0.762,0.598
ice_cream_milk_fridge,0.0,15.713,3,2.458,2,2,0.498,0.615,0.542,24,0.535,0.912,0.769,3,2.583,2,3,0.493,0.447,0.583,24,0.572,0.912,0.805
kendama_can,0.0,0.0,3,3,3,3,0.0,0.902,1.0,24,0.547,0.847,0.547,3,3,3,3,0.0,0.924,1.0,24,0.613,0.833,0.613
key_lanyard,0.0,0.0,5,5,5,5,0.0,0.86,1.0,24,0.772,1.0,0.804,5,4.042,4,4,0.2,0.919,0.958,24,0.611,0.954,0.954
keycap_eraser,0.0,0.0,5,5,5,5,0.0,0.667,1.0,24,0.756,0.908,0.8,5,4.958,4,5,0.2,0.573,0.958,24,0.828,0.897,0.828
laptop_open,0.0,0.0,3,3,3,3,0.0,0.781,1.0,24,0.7,0.993,0.7,3,3,3,3,0.0,0.78,1.0,24,0.667,0.987,0.667
laptop_setup,0.0,0.0,5,4.818,4,5,0.386,0.719,0.818,22,0.67,0.873,0.67,4,4,4,4,0.0,0.905,1.0,22,0.79,0.9,0.9
lava_toast_microwave,0.0,11.785,4,4,4,4,0.0,0.851,1.0,24,0.57,1.0,0.685,4,4,4,4,0.0,0.73,1.0,24,0.705,0.92,0.825
light_bulb_glasses,0.0,0.0,6,6,6,6,0.0,0.545,1.0,24,0.77,0.983,0.83,6,6,6,6,0.0,0.79,1.0,24,0.857,0.953,0.857
line_marker_calculator,0.0,5.238,6,5.708,5,6,0.455,0.826,0.708,24,0.801,0.952,0.844,6,5.625,4,6,0.564,0.681,0.667,24,0.749,0.821,0.757
make_coffee,0.0,0.0,5,5,5,5,0.0,0.658,1.0,22,0.596,0.632,0.596,5,5,5,5,0.0,0.576,1.0,22,0.632,0.776,0.632
makeup_pouch,0.0,37.5,4,4,4,4,0.0,0.733,1.0,22,0.45,0.91,0.585,4,4,4,4,0.0,0.717,1.0,22,0.565,0.925,0.68
makeup_red_container,0.0,0.0,5,5,5,5,0.0,0.667,1.0,22,0.588,0.88,0.844,5,5,5,5,0.0,0.694,1.0,22,0.576,0.768,0.748
mango_banana_cup,0.0,0.0,4,4,4,4,0.0,0.921,1.0,24,0.38,1.0,0.44,4,4,4,4,0.0,0.838,1.0,24,0.71,1.0,0.97
mark_pen_board,0.0,16.667,3,3,3,3,0.0,1.0,1.0,22,0.5,0.88,0.533,3,3,3,3,0.0,1.0,1.0,22,0.46,0.64,0.5
matryoshka,0.0,13.608,6,6,6,6,0.0,0.682,1.0,24,0.597,0.653,0.627,6,6,6,6,0.0,0.614,1.0,24,0.733,0.86,0.743
matryoshka_battery,0.0,9.428,5,5,5,5,0.0,0.655,1.0,24,0.44,0.904,0.448,5,5,5,5,0.0,0.546,1.0,24,0.652,0.94,0.664
messy_desk_monitor,0.0,0.0,3,3,3,3,0.0,0.756,1.0,24,0.6,0.967,0.6,3,3,3,3,0.0,0.602,1.0,24,0.653,0.873,0.713
move_juice,0.0,0.0,4,4,4,4,0.0,0.765,1.0,22,0.81,0.95,0.89,4,4,4,4,0.0,0.801,1.0,22,0.83,0.915,0.83
mug_kitchen,0.5,0.0,3,3,3,3,0.0,0.894,1.0,22,0.753,1.0,0.753,4,3.136,3,3,0.343,0.841,0.864,22,0.964,0.969,0.964
oil_spray_pouch,0.0,2.778,6,6,6,6,0.0,0.549,1.0,22,0.51,0.937,0.727,6,6,6,6,0.0,0.567,1.0,22,0.693,0.927,0.75
pantry_jar_sachet,0.0,0.0,4,4,4,4,0.0,0.757,1.0,24,0.76,0.995,0.76,4,4,4,4,0.0,0.855,1.0,24,0.865,1.0,0.93
paper_binder_book,0.0,11.785,8,6.083,6,6,0.4,0.695,0.958,24,0.845,0.989,0.867,6,4.75,4,5,0.52,0.705,0.667,24,0.855,0.949,0.855
perfume_scissors_folder,0.0,0.0,7,7,7,7,0.0,0.749,1.0,24,0.763,0.969,0.886,7,7,7,7,0.0,0.804,1.0,24,0.846,0.974,0.894
plastic_trash_bin,0.0,0.0,4,4,4,4,0.0,0.331,1.0,22,0.59,1.0,0.88,4,4,4,4,0.0,0.579,1.0,22,0.725,1.0,0.95
pour_milk,0.0,0.0,3,3,3,3,0.0,0.583,1.0,24,0.64,0.96,0.64,3,3,3,3,0.0,0.641,1.0,24,0.613,0.707,0.613
prepare_camera_power_storage,0.0,31.427,6,5.583,4,6,0.812,0.696,0.792,24,0.742,0.859,0.742,4,4,4,4,0.0,0.652,1.0,24,0.675,0.96,0.675
racket_backpack,0.0,0.0,5,3.583,3,3,0.909,0.611,0.708,24,0.304,0.883,0.546,3,3,3,3,0.0,1.0,1.0,24,0.627,0.987,0.987
racket_table_floor,0.0,0.0,3,3,3,3,0.0,0.566,1.0,24,0.553,1.0,0.68,3,3,3,3,0.0,0.832,1.0,24,0.753,1.0,0.947
radio_toy,0.0,0.0,4,3.75,3,4,0.433,0.64,0.75,24,0.579,0.794,0.607,2,2,2,2,0.0,0.833,1.0,24,0.84,0.9,0.9
remote_marker_stand,0.0,10.476,3,3,3,3,0.0,0.987,1.0,24,0.5,1.0,0.52,3,3,3,3,0.0,0.885,1.0,24,0.407,1.0,0.68
router_laptop_cable,0.0,11.224,8,7.792,7,8,0.406,0.715,0.792,24,0.772,0.984,0.772,8,6.917,6,7,0.4,0.641,0.833,24,0.726,0.98,0.726
royal_flush,0.943,13.469,7,5.417,5,5,0.64,0.895,0.667,24,0.354,0.789,0.531,7,6.75,5,7,0.595,0.799,0.833,24,0.573,0.81,0.709
rugby_dumbbell,0.0,0.0,4,4,4,4,0.0,0.855,1.0,24,0.55,0.9,0.6,4,4,4,4,0.0,0.898,1.0,24,0.735,0.875,0.875
sanitary_face_wash,0.0,12.498,7,7,7,7,0.0,0.503,1.0,24,0.409,0.989,0.566,7,7,7,7,0.0,0.614,1.0,24,0.726,1.0,0.883
sauce_tissue,0.0,0.0,8,8,8,8,0.0,0.943,1.0,24,0.875,0.99,0.882,8,8,8,8,0.0,0.869,1.0,24,0.82,1.0,0.953
scattered_teabags,0.0,3.928,7,4.125,4,4,0.599,0.644,0.958,24,0.487,0.928,0.572,4,4,4,4,0.0,0.773,1.0,24,0.595,1.0,1.0
screwdriver_wrench,0.471,0.0,6,6,6,6,0.0,0.699,1.0,24,0.577,1.0,0.577,6,5.458,5,5,0.498,0.819,0.542,24,0.736,0.956,0.933
shoes_sandals_boxes,0.0,0.0,8,8,8,8,0.0,0.826,1.0,24,0.72,0.85,0.72,8,8,8,8,0.0,0.894,1.0,24,0.9,0.912,0.912
shoes_socks_arrange,0.943,0.0,6,5.583,3,6,0.997,0.81,0.833,24,0.577,0.878,0.577,6,4.458,3,5,0.957,0.768,0.667,24,0.377,0.88,0.413
soap_mix,0.471,0.0,4,3.25,3,3,0.433,0.707,0.75,24,0.514,0.931,0.514,4,3.625,3,4,0.484,0.754,0.625,24,0.768,0.929,0.768
sock_bucket,0.0,20.951,4,3.083,3,3,0.276,0.808,0.917,24,0.678,0.98,0.695,3,3,3,3,0.0,0.63,1.0,24,0.667,0.833,0.693
stack_blocks,0.0,5.238,3,3,3,3,0.0,0.889,1.0,24,0.36,1.0,0.36,3,3,3,3,0.0,1.0,1.0,24,0.48,1.0,0.48
stack_book_laptop,0.0,0.0,3,3,3,3,0.0,0.84,1.0,24,0.5,0.693,0.513,3,3,3,3,0.0,0.972,1.0,24,0.713,0.913,0.773
stack_book_pen,0.0,0.0,3,2.958,2,3,0.2,0.871,0.958,24,0.467,0.98,0.467,2,2,2,2,0.0,0.958,1.0,24,0.96,1.0,1.0
stack_cap_bottle,0.0,20.787,2,2,2,2,0.0,0.842,1.0,24,0.76,1.0,0.8,2,2,2,2,0.0,0.735,1.0,24,0.98,0.98,0.98
stack_dishes_utensils,0.0,0.0,4,4,4,4,0.0,0.788,1.0,24,0.66,0.96,0.66,4,4,4,4,0.0,0.815,1.0,24,0.92,0.92,0.92
staple_paper,0.5,0.0,4,3.955,3,4,0.208,0.697,0.955,22,0.676,0.872,0.746,4,3.5,3,3,0.5,0.739,0.5,22,0.779,0.929,0.779
sunblock_powder_bottle,0.0,11.331,7,6,5,6,0.289,0.846,0.917,24,0.494,0.932,0.599,6,5.125,5,5,0.331,0.671,0.875,24,0.55,0.892,0.794
swap_camera_lens,0.0,0.0,7,6.958,6,7,0.2,0.897,0.958,24,0.866,0.988,0.915,6,5.833,5,6,0.373,0.734,0.833,24,0.765,0.94,0.817
tablet_cleaner,0.471,3.928,4,4,4,4,0.0,0.875,1.0,24,1.0,1.0,1.0,4,3.917,3,4,0.276,0.679,0.917,24,0.858,0.974,0.858
tape_stapler_marker,0.0,0.0,4,4,4,4,0.0,0.526,1.0,22,0.39,0.845,0.445,3,3,3,3,0.0,0.55,1.0,22,0.667,0.98,0.98
tea_bags_and_cups,0.0,5.238,3,2.625,2,3,0.484,1.0,0.625,24,0.732,0.92,0.732,3,2.792,2,3,0.406,1.0,0.792,24,0.841,0.937,0.841
three_caps,0.0,0.0,3,3,3,3,0.0,1.0,1.0,22,0.233,0.973,0.233,3,3,3,3,0.0,1.0,1.0,22,0.48,0.94,0.54
three_cups_and_water,0.0,0.0,3,3,3,3,0.0,0.722,1.0,24,0.72,0.84,0.72,3,3,3,3,0.0,0.902,1.0,24,0.88,0.88,0.88
three_spice_and_weight,0.0,0.0,4,4,4,4,0.0,0.557,1.0,24,0.7,0.885,0.79,3,3,3,3,0.0,1.0,1.0,24,0.393,0.833,0.393
tidy_container,0.0,0.0,5,4.875,4,5,0.331,0.594,0.875,24,0.389,0.817,0.412,5,4.958,4,5,0.2,0.538,0.958,24,0.37,0.728,0.378
tidy_personal_care_bottle,1.247,3.425,7,6.667,6,7,0.471,1.0,0.667,24,0.6,0.911,0.677,8,5.917,4,5,0.954,0.728,0.333,24,0.423,0.692,0.525
toilet_broom_towel,0.0,0.0,2,2,2,2,0.0,1.0,1.0,22,0.52,0.91,0.55,2,2,2,2,0.0,1.0,1.0,22,0.4,0.84,0.62
toiletries_container,0.0,2.778,6,6,6,6,0.0,0.82,1.0,22,0.76,0.977,0.773,6,6,6,6,0.0,0.895,1.0,22,0.827,1.0,0.833
toner_moisturizer_mix,0.471,0.0,6,5.75,4,6,0.595,0.721,0.833,24,0.656,0.878,0.663,6,5.375,4,5,0.633,0.568,0.458,24,0.682,0.906,0.693
toothbrush_case,0.0,0.0,5,5,5,5,0.0,0.784,1.0,24,0.76,0.984,0.76,5,5,5,5,0.0,0.796,1.0,24,0.824,0.98,0.848
toothbrush_trimmer,0.0,20.412,4,4,4,4,0.0,0.922,1.0,24,0.515,0.99,0.525,4,4,4,4,0.0,0.818,1.0,24,0.385,0.98,0.735
toothpaste_water,0.0,17.123,6,6,6,6,0.0,0.778,1.0,24,0.81,0.903,0.81,5,4.167,4,4,0.373,0.775,0.833,24,0.813,0.932,0.813
toy_fan,0.0,0.0,5,5,5,5,0.0,0.735,1.0,24,0.724,1.0,0.724,4,4,4,4,0.0,0.766,1.0,24,0.79,0.995,0.79
trophy_luggage,0.0,0.0,4,4,4,4,0.0,0.72,1.0,23,0.59,1.0,0.6,4,4,4,4,0.0,0.773,1.0,23,0.77,1.0,0.96
vim_lunchbox,0.0,5.556,7,6.429,5,7,0.583,0.697,0.476,21,0.6,0.955,0.606,7,6.048,6,6,0.213,0.658,0.952,21,0.772,0.956,0.824
water_flour,,,5,3.35,3,3,0.726,0.807,0.8,20,0.727,0.898,0.727,3,3,3,3,0.0,0.884,1.0,20,0.86,0.86,0.86
